start_time,away_team,away_team_score,home_team,home_team_score
2009-10-27,BOSTON CELTICS,95,CLEVELAND CAVALIERS,89
2009-10-28,WASHINGTON WIZARDS,102,DALLAS MAVERICKS,91
2009-10-28,HOUSTON ROCKETS,87,PORTLAND TRAIL BLAZERS,96
2009-10-28,LOS ANGELES CLIPPERS,92,LOS ANGELES LAKERS,99
2009-10-28,INDIANA PACERS,109,ATLANTA HAWKS,120
2009-10-28,PHILADELPHIA 76ERS,106,ORLANDO MAGIC,120
2009-10-28,CLEVELAND CAVALIERS,91,TORONTO RAPTORS,101
2009-10-28,CHARLOTTE HORNETS,59,BOSTON CELTICS,92
2009-10-28,NEW YORK KNICKS,93,MIAMI HEAT,115
2009-10-29,NEW ORLEANS PELICANS,96,SAN ANTONIO SPURS,113
2009-10-29,SACRAMENTO KINGS,89,OKLAHOMA CITY THUNDER,102
2009-10-29,BROOKLYN NETS,93,MINNESOTA TIMBERWOLVES,95
2009-10-29,DETROIT PISTONS,96,MEMPHIS GRIZZLIES,74
2009-10-29,PHOENIX SUNS,109,LOS ANGELES CLIPPERS,107
2009-10-29,HOUSTON ROCKETS,108,GOLDEN STATE WARRIORS,107
2009-10-29,UTAH JAZZ,105,DENVER NUGGETS,114
2009-10-30,SAN ANTONIO SPURS,85,CHICAGO BULLS,92
2009-10-30,DENVER NUGGETS,97,PORTLAND TRAIL BLAZERS,94
2009-10-30,NEW YORK KNICKS,100,CHARLOTTE HORNETS,102
2009-10-30,MILWAUKEE BUCKS,86,PHILADELPHIA 76ERS,99
2009-10-30,WASHINGTON WIZARDS,89,ATLANTA HAWKS,100
2009-10-31,SACRAMENTO KINGS,92,NEW ORLEANS PELICANS,97
2009-10-31,ORLANDO MAGIC,95,BROOKLYN NETS,85
2009-10-31,CLEVELAND CAVALIERS,104,MINNESOTA TIMBERWOLVES,87
2009-10-31,TORONTO RAPTORS,107,MEMPHIS GRIZZLIES,115
2009-10-31,MIAMI HEAT,96,INDIANA PACERS,83
2009-10-31,OKLAHOMA CITY THUNDER,91,DETROIT PISTONS,83
2009-10-31,CHICAGO BULLS,90,BOSTON CELTICS,118
2009-10-31,LOS ANGELES CLIPPERS,98,UTAH JAZZ,111
2009-10-31,GOLDEN STATE WARRIORS,101,PHOENIX SUNS,123
2009-10-31,DALLAS MAVERICKS,94,LOS ANGELES LAKERS,80
2009-10-31,BROOKLYN NETS,104,WASHINGTON WIZARDS,123
2009-10-31,PHILADELPHIA 76ERS,141,NEW YORK KNICKS,127
2009-10-31,CHARLOTTE HORNETS,79,CLEVELAND CAVALIERS,90
2009-11-01,PORTLAND TRAIL BLAZERS,107,HOUSTON ROCKETS,111
2009-11-01,DETROIT PISTONS,85,MILWAUKEE BUCKS,96
2009-11-01,SACRAMENTO KINGS,94,SAN ANTONIO SPURS,113
2009-11-01,DALLAS MAVERICKS,93,LOS ANGELES CLIPPERS,84
2009-11-01,ORLANDO MAGIC,125,TORONTO RAPTORS,116
2009-11-01,NEW ORLEANS PELICANS,87,BOSTON CELTICS,97
2009-11-01,CHICAGO BULLS,87,MIAMI HEAT,95
2009-11-02,PORTLAND TRAIL BLAZERS,83,OKLAHOMA CITY THUNDER,74
2009-11-02,MEMPHIS GRIZZLIES,123,DENVER NUGGETS,133
2009-11-02,MINNESOTA TIMBERWOLVES,112,PHOENIX SUNS,120
2009-11-02,ATLANTA HAWKS,110,LOS ANGELES LAKERS,118
2009-11-03,BROOKLYN NETS,68,CHARLOTTE HORNETS,79
2009-11-03,NEW ORLEANS PELICANS,111,NEW YORK KNICKS,117
2009-11-03,HOUSTON ROCKETS,113,UTAH JAZZ,96
2009-11-03,MEMPHIS GRIZZLIES,116,SACRAMENTO KINGS,127
2009-11-03,MINNESOTA TIMBERWOLVES,90,LOS ANGELES CLIPPERS,93
2009-11-04,WASHINGTON WIZARDS,90,CLEVELAND CAVALIERS,102
2009-11-04,DENVER NUGGETS,111,INDIANA PACERS,93
2009-11-04,BOSTON CELTICS,105,PHILADELPHIA 76ERS,74
2009-11-04,ORLANDO MAGIC,80,DETROIT PISTONS,85
2009-11-04,PHOENIX SUNS,104,MIAMI HEAT,96
2009-11-04,MILWAUKEE BUCKS,81,CHICAGO BULLS,83
2009-11-04,LOS ANGELES LAKERS,101,OKLAHOMA CITY THUNDER,98
2009-11-04,UTAH JAZZ,85,DALLAS MAVERICKS,96
2009-11-04,ATLANTA HAWKS,97,PORTLAND TRAIL BLAZERS,91
2009-11-05,PHOENIX SUNS,100,ORLANDO MAGIC,122
2009-11-05,DETROIT PISTONS,99,TORONTO RAPTORS,110
2009-11-05,MIAMI HEAT,93,WASHINGTON WIZARDS,89
2009-11-05,DENVER NUGGETS,122,BROOKLYN NETS,94
2009-11-05,INDIANA PACERS,101,NEW YORK KNICKS,89
2009-11-05,BOSTON CELTICS,92,MINNESOTA TIMBERWOLVES,90
2009-11-05,LOS ANGELES LAKERS,103,HOUSTON ROCKETS,102
2009-11-05,DALLAS MAVERICKS,107,NEW ORLEANS PELICANS,114
2009-11-05,ATLANTA HAWKS,113,SACRAMENTO KINGS,105
2009-11-05,MEMPHIS GRIZZLIES,105,GOLDEN STATE WARRIORS,113
2009-11-06,CHICAGO BULLS,86,CLEVELAND CAVALIERS,85
2009-11-06,SAN ANTONIO SPURS,99,UTAH JAZZ,113
2009-11-07,ATLANTA HAWKS,83,CHARLOTTE HORNETS,103
2009-11-07,WASHINGTON WIZARDS,86,INDIANA PACERS,102
2009-11-07,DETROIT PISTONS,103,ORLANDO MAGIC,110
2009-11-07,BROOKLYN NETS,94,PHILADELPHIA 76ERS,97
2009-11-07,PHOENIX SUNS,110,BOSTON CELTICS,103
2009-11-07,DENVER NUGGETS,88,MIAMI HEAT,96
2009-11-07,MILWAUKEE BUCKS,87,MINNESOTA TIMBERWOLVES,72
2009-11-07,TORONTO RAPTORS,107,NEW ORLEANS PELICANS,90
2009-11-07,CLEVELAND CAVALIERS,100,NEW YORK KNICKS,91
2009-11-07,OKLAHOMA CITY THUNDER,94,HOUSTON ROCKETS,105
2009-11-07,LOS ANGELES CLIPPERS,118,GOLDEN STATE WARRIORS,90
2009-11-07,MEMPHIS GRIZZLIES,98,LOS ANGELES LAKERS,114
2009-11-07,SAN ANTONIO SPURS,84,PORTLAND TRAIL BLAZERS,96
2009-11-08,DENVER NUGGETS,100,ATLANTA HAWKS,125
2009-11-08,BOSTON CELTICS,86,BROOKLYN NETS,76
2009-11-08,CHARLOTTE HORNETS,90,CHICAGO BULLS,93
2009-11-08,TORONTO RAPTORS,101,DALLAS MAVERICKS,129
2009-11-08,NEW YORK KNICKS,87,MILWAUKEE BUCKS,102
2009-11-08,SACRAMENTO KINGS,104,UTAH JAZZ,99
2009-11-08,MEMPHIS GRIZZLIES,110,LOS ANGELES CLIPPERS,113
2009-11-08,PHILADELPHIA 76ERS,81,DETROIT PISTONS,88
2009-11-08,PHOENIX SUNS,102,WASHINGTON WIZARDS,90
2009-11-09,ORLANDO MAGIC,74,OKLAHOMA CITY THUNDER,102
2009-11-09,MINNESOTA TIMBERWOLVES,93,PORTLAND TRAIL BLAZERS,116
2009-11-09,GOLDEN STATE WARRIORS,107,SACRAMENTO KINGS,120
2009-11-09,NEW ORLEANS PELICANS,88,LOS ANGELES LAKERS,104
2009-11-10,PHOENIX SUNS,119,PHILADELPHIA 76ERS,115
2009-11-10,UTAH JAZZ,95,NEW YORK KNICKS,93
2009-11-10,TORONTO RAPTORS,124,SAN ANTONIO SPURS,131
2009-11-10,MINNESOTA TIMBERWOLVES,105,GOLDEN STATE WARRIORS,146
2009-11-10,NEW ORLEANS PELICANS,112,LOS ANGELES CLIPPERS,84
2009-11-11,ORLANDO MAGIC,93,CHARLOTTE HORNETS,81
2009-11-11,WASHINGTON WIZARDS,76,MIAMI HEAT,90
2009-11-11,DENVER NUGGETS,90,CHICAGO BULLS,89
2009-11-11,PORTLAND TRAIL BLAZERS,93,MEMPHIS GRIZZLIES,79
2009-11-11,HOUSTON ROCKETS,103,DALLAS MAVERICKS,121
2009-11-11,OKLAHOMA CITY THUNDER,98,SACRAMENTO KINGS,101
2009-11-12,GOLDEN STATE WARRIORS,94,INDIANA PACERS,108
2009-11-12,CHICAGO BULLS,89,TORONTO RAPTORS,99
2009-11-12,UTAH JAZZ,86,BOSTON CELTICS,105
2009-11-12,CHARLOTTE HORNETS,75,DETROIT PISTONS,98
2009-11-12,PHILADELPHIA 76ERS,82,BROOKLYN NETS,79
2009-11-12,ATLANTA HAWKS,114,NEW YORK KNICKS,101
2009-11-12,DENVER NUGGETS,102,MILWAUKEE BUCKS,108
2009-11-12,PORTLAND TRAIL BLAZERS,107,MINNESOTA TIMBERWOLVES,84
2009-11-12,CLEVELAND CAVALIERS,102,ORLANDO MAGIC,93
2009-11-12,MEMPHIS GRIZZLIES,79,HOUSTON ROCKETS,104
2009-11-12,DALLAS MAVERICKS,83,SAN ANTONIO SPURS,92
2009-11-12,OKLAHOMA CITY THUNDER,83,LOS ANGELES CLIPPERS,79
2009-11-12,NEW ORLEANS PELICANS,104,PHOENIX SUNS,124
2009-11-13,CLEVELAND CAVALIERS,111,MIAMI HEAT,104
2009-11-13,PHOENIX SUNS,102,LOS ANGELES LAKERS,121
2009-11-14,BROOKLYN NETS,72,ORLANDO MAGIC,88
2009-11-14,UTAH JAZZ,112,PHILADELPHIA 76ERS,90
2009-11-14,GOLDEN STATE WARRIORS,121,NEW YORK KNICKS,107
2009-11-14,ATLANTA HAWKS,97,BOSTON CELTICS,86
2009-11-14,DALLAS MAVERICKS,89,MINNESOTA TIMBERWOLVES,77
2009-11-14,PORTLAND TRAIL BLAZERS,86,NEW ORLEANS PELICANS,78
2009-11-14,HOUSTON ROCKETS,100,SACRAMENTO KINGS,109
2009-11-14,LOS ANGELES LAKERS,79,DENVER NUGGETS,105
2009-11-14,TORONTO RAPTORS,104,LOS ANGELES CLIPPERS,89
2009-11-15,NEW ORLEANS PELICANS,98,ATLANTA HAWKS,121
2009-11-15,PORTLAND TRAIL BLAZERS,80,CHARLOTTE HORNETS,74
2009-11-15,BOSTON CELTICS,104,INDIANA PACERS,113
2009-11-15,DETROIT PISTONS,106,WASHINGTON WIZARDS,103
2009-11-15,UTAH JAZZ,103,CLEVELAND CAVALIERS,107
2009-11-15,BROOKLYN NETS,80,MIAMI HEAT,81
2009-11-15,PHILADELPHIA 76ERS,88,CHICAGO BULLS,94
2009-11-15,MINNESOTA TIMBERWOLVES,87,MEMPHIS GRIZZLIES,97
2009-11-15,GOLDEN STATE WARRIORS,125,MILWAUKEE BUCKS,129
2009-11-15,OKLAHOMA CITY THUNDER,101,SAN ANTONIO SPURS,98
2009-11-15,DALLAS MAVERICKS,95,DETROIT PISTONS,90
2009-11-16,LOS ANGELES CLIPPERS,101,OKLAHOMA CITY THUNDER,93
2009-11-16,TORONTO RAPTORS,100,PHOENIX SUNS,101
2009-11-16,HOUSTON ROCKETS,101,LOS ANGELES LAKERS,91
2009-11-17,PORTLAND TRAIL BLAZERS,95,ATLANTA HAWKS,99
2009-11-17,CHARLOTTE HORNETS,91,ORLANDO MAGIC,97
2009-11-17,DALLAS MAVERICKS,115,MILWAUKEE BUCKS,113
2009-11-18,GOLDEN STATE WARRIORS,108,CLEVELAND CAVALIERS,114
2009-11-18,OKLAHOMA CITY THUNDER,100,MIAMI HEAT,87
2009-11-18,INDIANA PACERS,91,BROOKLYN NETS,83
2009-11-18,LOS ANGELES CLIPPERS,102,NEW ORLEANS PELICANS,110
2009-11-18,PHOENIX SUNS,111,HOUSTON ROCKETS,105
2009-11-18,TORONTO RAPTORS,112,DENVER NUGGETS,130
2009-11-18,CHICAGO BULLS,101,SACRAMENTO KINGS,87
2009-11-18,DETROIT PISTONS,93,LOS ANGELES LAKERS,106
2009-11-19,MIAMI HEAT,90,ATLANTA HAWKS,105
2009-11-19,NEW YORK KNICKS,110,INDIANA PACERS,103
2009-11-19,OKLAHOMA CITY THUNDER,94,ORLANDO MAGIC,108
2009-11-19,CHARLOTTE HORNETS,84,PHILADELPHIA 76ERS,86
2009-11-19,CLEVELAND CAVALIERS,91,WASHINGTON WIZARDS,108
2009-11-19,GOLDEN STATE WARRIORS,95,BOSTON CELTICS,109
2009-11-19,LOS ANGELES CLIPPERS,91,MEMPHIS GRIZZLIES,106
2009-11-19,BROOKLYN NETS,85,MILWAUKEE BUCKS,99
2009-11-19,HOUSTON ROCKETS,97,MINNESOTA TIMBERWOLVES,84
2009-11-19,TORONTO RAPTORS,91,UTAH JAZZ,104
2009-11-19,SAN ANTONIO SPURS,94,DALLAS MAVERICKS,99
2009-11-19,DETROIT PISTONS,81,PORTLAND TRAIL BLAZERS,87
2009-11-20,PHOENIX SUNS,103,NEW ORLEANS PELICANS,110
2009-11-20,UTAH JAZZ,90,SAN ANTONIO SPURS,83
2009-11-20,CHICAGO BULLS,93,LOS ANGELES LAKERS,108
2009-11-21,CLEVELAND CAVALIERS,105,INDIANA PACERS,95
2009-11-21,MEMPHIS GRIZZLIES,102,PHILADELPHIA 76ERS,97
2009-11-21,MIAMI HEAT,113,TORONTO RAPTORS,120
2009-11-21,HOUSTON ROCKETS,103,ATLANTA HAWKS,105
2009-11-21,ORLANDO MAGIC,83,BOSTON CELTICS,78
2009-11-21,WASHINGTON WIZARDS,108,OKLAHOMA CITY THUNDER,127
2009-11-21,SACRAMENTO KINGS,102,DALLAS MAVERICKS,104
2009-11-21,CHARLOTTE HORNETS,88,MILWAUKEE BUCKS,95
2009-11-21,PORTLAND TRAIL BLAZERS,94,GOLDEN STATE WARRIORS,108
2009-11-21,DENVER NUGGETS,99,LOS ANGELES CLIPPERS,106
2009-11-21,NEW YORK KNICKS,98,BROOKLYN NETS,91
2009-11-22,PHILADELPHIA 76ERS,91,CLEVELAND CAVALIERS,97
2009-11-22,MILWAUKEE BUCKS,103,MEMPHIS GRIZZLIES,98
2009-11-22,ATLANTA HAWKS,88,NEW ORLEANS PELICANS,96
2009-11-22,SACRAMENTO KINGS,106,HOUSTON ROCKETS,113
2009-11-22,WASHINGTON WIZARDS,84,SAN ANTONIO SPURS,106
2009-11-22,CHICAGO BULLS,93,DENVER NUGGETS,112
2009-11-22,DETROIT PISTONS,97,UTAH JAZZ,100
2009-11-22,MINNESOTA TIMBERWOLVES,78,PORTLAND TRAIL BLAZERS,106
2009-11-22,ORLANDO MAGIC,104,TORONTO RAPTORS,96
2009-11-22,BOSTON CELTICS,107,NEW YORK KNICKS,105
2009-11-22,INDIANA PACERS,88,CHARLOTTE HORNETS,104
2009-11-22,NEW ORLEANS PELICANS,101,MIAMI HEAT,102
2009-11-23,DETROIT PISTONS,91,PHOENIX SUNS,117
2009-11-23,OKLAHOMA CITY THUNDER,85,LOS ANGELES LAKERS,101
2009-11-24,SACRAMENTO KINGS,105,MEMPHIS GRIZZLIES,116
2009-11-24,MILWAUKEE BUCKS,98,SAN ANTONIO SPURS,112
2009-11-24,CHICAGO BULLS,98,PORTLAND TRAIL BLAZERS,122
2009-11-24,MINNESOTA TIMBERWOLVES,87,LOS ANGELES CLIPPERS,91
2009-11-25,INDIANA PACERS,112,TORONTO RAPTORS,123
2009-11-25,PHILADELPHIA 76ERS,107,WASHINGTON WIZARDS,108
2009-11-25,GOLDEN STATE WARRIORS,111,DALLAS MAVERICKS,103
2009-11-25,BROOKLYN NETS,87,DENVER NUGGETS,101
2009-11-25,OKLAHOMA CITY THUNDER,104,UTAH JAZZ,94
2009-11-25,NEW YORK KNICKS,90,LOS ANGELES LAKERS,100
2009-11-26,TORONTO RAPTORS,81,CHARLOTTE HORNETS,116
2009-11-26,LOS ANGELES CLIPPERS,73,INDIANA PACERS,86
2009-11-26,PHILADELPHIA 76ERS,110,BOSTON CELTICS,113
2009-11-26,MIAMI HEAT,99,ORLANDO MAGIC,98
2009-11-26,CLEVELAND CAVALIERS,98,DETROIT PISTONS,88
2009-11-26,DENVER NUGGETS,124,MINNESOTA TIMBERWOLVES,111
2009-11-26,MILWAUKEE BUCKS,99,NEW ORLEANS PELICANS,102
2009-11-26,DALLAS MAVERICKS,130,HOUSTON ROCKETS,99
2009-11-26,GOLDEN STATE WARRIORS,104,SAN ANTONIO SPURS,118
2009-11-26,MEMPHIS GRIZZLIES,111,PHOENIX SUNS,126
2009-11-26,BROOKLYN NETS,83,PORTLAND TRAIL BLAZERS,93
2009-11-26,NEW YORK KNICKS,97,SACRAMENTO KINGS,111
2009-11-27,ORLANDO MAGIC,93,ATLANTA HAWKS,76
2009-11-27,CHICAGO BULLS,86,UTAH JAZZ,105
2009-11-28,CLEVELAND CAVALIERS,87,CHARLOTTE HORNETS,94
2009-11-28,WASHINGTON WIZARDS,94,MIAMI HEAT,84
2009-11-28,TORONTO RAPTORS,103,BOSTON CELTICS,116
2009-11-28,ATLANTA HAWKS,100,PHILADELPHIA 76ERS,86
2009-11-28,LOS ANGELES CLIPPERS,104,DETROIT PISTONS,96
2009-11-28,DALLAS MAVERICKS,113,INDIANA PACERS,92
2009-11-28,SAN ANTONIO SPURS,92,HOUSTON ROCKETS,84
2009-11-28,NEW YORK KNICKS,125,DENVER NUGGETS,128
2009-11-28,PHOENIX SUNS,120,MINNESOTA TIMBERWOLVES,95
2009-11-28,MILWAUKEE BUCKS,90,OKLAHOMA CITY THUNDER,108
2009-11-28,MEMPHIS GRIZZLIES,106,PORTLAND TRAIL BLAZERS,96
2009-11-28,BROOKLYN NETS,96,SACRAMENTO KINGS,109
2009-11-29,CHARLOTTE HORNETS,92,WASHINGTON WIZARDS,76
2009-11-29,DALLAS MAVERICKS,95,CLEVELAND CAVALIERS,111
2009-11-29,ORLANDO MAGIC,100,MILWAUKEE BUCKS,98
2009-11-29,PORTLAND TRAIL BLAZERS,92,UTAH JAZZ,108
2009-11-29,LOS ANGELES LAKERS,130,GOLDEN STATE WARRIORS,97
2009-11-29,ATLANTA HAWKS,88,DETROIT PISTONS,94
2009-11-29,PHOENIX SUNS,113,TORONTO RAPTORS,94
2009-11-29,MEMPHIS GRIZZLIES,88,LOS ANGELES CLIPPERS,98
2009-11-29,BOSTON CELTICS,92,MIAMI HEAT,85
2009-11-29,ORLANDO MAGIC,114,NEW YORK KNICKS,102
2009-11-30,HOUSTON ROCKETS,100,OKLAHOMA CITY THUNDER,91
2009-11-30,PHILADELPHIA 76ERS,89,SAN ANTONIO SPURS,97
2009-11-30,MINNESOTA TIMBERWOLVES,106,DENVER NUGGETS,100
2009-11-30,NEW ORLEANS PELICANS,96,SACRAMENTO KINGS,112
2009-11-30,BROOKLYN NETS,87,LOS ANGELES LAKERS,106
2009-12-01,CHICAGO BULLS,97,MILWAUKEE BUCKS,99
2009-12-01,PHILADELPHIA 76ERS,102,DALLAS MAVERICKS,104
2009-12-01,MEMPHIS GRIZZLIES,93,UTAH JAZZ,120
2009-12-01,INDIANA PACERS,107,GOLDEN STATE WARRIORS,126
2009-12-02,BOSTON CELTICS,108,CHARLOTTE HORNETS,90
2009-12-02,WASHINGTON WIZARDS,106,TORONTO RAPTORS,102
2009-12-02,PHOENIX SUNS,99,NEW YORK KNICKS,126
2009-12-02,GOLDEN STATE WARRIORS,107,DENVER NUGGETS,135
2009-12-02,MIAMI HEAT,107,PORTLAND TRAIL BLAZERS,100
2009-12-02,NEW ORLEANS PELICANS,99,LOS ANGELES LAKERS,110
2009-12-03,TORONTO RAPTORS,115,ATLANTA HAWKS,146
2009-12-03,PHOENIX SUNS,90,CLEVELAND CAVALIERS,107
2009-12-03,NEW YORK KNICKS,104,ORLANDO MAGIC,118
2009-12-03,MILWAUKEE BUCKS,102,WASHINGTON WIZARDS,104
2009-12-03,DALLAS MAVERICKS,117,BROOKLYN NETS,101
2009-12-03,DETROIT PISTONS,85,CHICAGO BULLS,92
2009-12-03,MEMPHIS GRIZZLIES,97,MINNESOTA TIMBERWOLVES,95
2009-12-03,PHILADELPHIA 76ERS,106,OKLAHOMA CITY THUNDER,117
2009-12-03,INDIANA PACERS,105,SACRAMENTO KINGS,110
2009-12-03,HOUSTON ROCKETS,102,LOS ANGELES CLIPPERS,85
2009-12-04,BOSTON CELTICS,90,SAN ANTONIO SPURS,83
2009-12-04,MIAMI HEAT,96,DENVER NUGGETS,114
2009-12-04,HOUSTON ROCKETS,111,GOLDEN STATE WARRIORS,109
2009-12-05,TORONTO RAPTORS,109,WASHINGTON WIZARDS,107
2009-12-05,NEW YORK KNICKS,114,ATLANTA HAWKS,107
2009-12-05,CHICAGO BULLS,87,CLEVELAND CAVALIERS,101
2009-12-05,MILWAUKEE BUCKS,96,DETROIT PISTONS,105
2009-12-05,DALLAS MAVERICKS,82,MEMPHIS GRIZZLIES,98
2009-12-05,CHARLOTTE HORNETS,91,BROOKLYN NETS,97
2009-12-05,MINNESOTA TIMBERWOLVES,89,NEW ORLEANS PELICANS,98
2009-12-05,BOSTON CELTICS,105,OKLAHOMA CITY THUNDER,87
2009-12-05,INDIANA PACERS,87,UTAH JAZZ,96
2009-12-05,MIAMI HEAT,107,LOS ANGELES LAKERS,108
2009-12-06,PHILADELPHIA 76ERS,105,CHARLOTTE HORNETS,106
2009-12-06,TORONTO RAPTORS,110,CHICAGO BULLS,78
2009-12-06,UTAH JAZZ,101,MINNESOTA TIMBERWOLVES,108
2009-12-06,DENVER NUGGETS,106,SAN ANTONIO SPURS,99
2009-12-06,ATLANTA HAWKS,80,DALLAS MAVERICKS,75
2009-12-06,SACRAMENTO KINGS,107,PHOENIX SUNS,115
2009-12-06,HOUSTON ROCKETS,89,PORTLAND TRAIL BLAZERS,90
2009-12-06,ORLANDO MAGIC,126,GOLDEN STATE WARRIORS,118
2009-12-06,INDIANA PACERS,72,LOS ANGELES CLIPPERS,88
2009-12-06,BROOKLYN NETS,97,NEW YORK KNICKS,106
2009-12-06,CLEVELAND CAVALIERS,101,MILWAUKEE BUCKS,86
2009-12-06,WASHINGTON WIZARDS,94,DETROIT PISTONS,98
2009-12-07,MIAMI HEAT,115,SACRAMENTO KINGS,102
2009-12-07,PHOENIX SUNS,88,LOS ANGELES LAKERS,108
2009-12-08,DENVER NUGGETS,93,PHILADELPHIA 76ERS,83
2009-12-08,PORTLAND TRAIL BLAZERS,84,NEW YORK KNICKS,93
2009-12-08,GOLDEN STATE WARRIORS,88,OKLAHOMA CITY THUNDER,104
2009-12-08,SAN ANTONIO SPURS,101,UTAH JAZZ,104
2009-12-09,DENVER NUGGETS,95,CHARLOTTE HORNETS,107
2009-12-09,MINNESOTA TIMBERWOLVES,88,TORONTO RAPTORS,94
2009-12-09,MILWAUKEE BUCKS,89,BOSTON CELTICS,98
2009-12-09,BROOKLYN NETS,103,CHICAGO BULLS,101
2009-12-09,CLEVELAND CAVALIERS,109,MEMPHIS GRIZZLIES,111
2009-12-09,SACRAMENTO KINGS,94,NEW ORLEANS PELICANS,96
2009-12-09,PHOENIX SUNS,101,DALLAS MAVERICKS,102
2009-12-09,ORLANDO MAGIC,97,LOS ANGELES CLIPPERS,86
2009-12-10,CHICAGO BULLS,83,ATLANTA HAWKS,118
2009-12-10,PORTLAND TRAIL BLAZERS,102,INDIANA PACERS,91
2009-12-10,DETROIT PISTONS,90,PHILADELPHIA 76ERS,86
2009-12-10,GOLDEN STATE WARRIORS,105,BROOKLYN NETS,89
2009-12-10,TORONTO RAPTORS,95,MILWAUKEE BUCKS,117
2009-12-10,NEW ORLEANS PELICANS,97,MINNESOTA TIMBERWOLVES,96
2009-12-10,CLEVELAND CAVALIERS,85,HOUSTON ROCKETS,95
2009-12-10,SACRAMENTO KINGS,106,SAN ANTONIO SPURS,118
2009-12-10,UTAH JAZZ,77,LOS ANGELES LAKERS,101
2009-12-11,DENVER NUGGETS,99,DETROIT PISTONS,101
2009-12-11,BOSTON CELTICS,104,WASHINGTON WIZARDS,102
2009-12-11,ORLANDO MAGIC,111,UTAH JAZZ,120
2009-12-12,BROOKLYN NETS,91,INDIANA PACERS,107
2009-12-12,HOUSTON ROCKETS,96,PHILADELPHIA 76ERS,91
2009-12-12,ATLANTA HAWKS,111,TORONTO RAPTORS,89
2009-12-12,DALLAS MAVERICKS,106,MIAMI HEAT,93
2009-12-12,GOLDEN STATE WARRIORS,91,CHICAGO BULLS,96
2009-12-12,PORTLAND TRAIL BLAZERS,99,CLEVELAND CAVALIERS,104
2009-12-12,OKLAHOMA CITY THUNDER,102,MEMPHIS GRIZZLIES,94
2009-12-12,NEW YORK KNICKS,113,NEW ORLEANS PELICANS,96
2009-12-12,CHARLOTTE HORNETS,85,SAN ANTONIO SPURS,104
2009-12-12,MINNESOTA TIMBERWOLVES,92,LOS ANGELES LAKERS,104
2009-12-12,ORLANDO MAGIC,103,PHOENIX SUNS,106
2009-12-13,INDIANA PACERS,114,WASHINGTON WIZARDS,113
2009-12-13,GOLDEN STATE WARRIORS,95,DETROIT PISTONS,104
2009-12-13,BOSTON CELTICS,106,CHICAGO BULLS,80
2009-12-13,CHARLOTTE HORNETS,97,DALLAS MAVERICKS,98
2009-12-13,PORTLAND TRAIL BLAZERS,101,MILWAUKEE BUCKS,108
2009-12-13,PHOENIX SUNS,99,DENVER NUGGETS,105
2009-12-13,LOS ANGELES LAKERS,94,UTAH JAZZ,102
2009-12-13,MINNESOTA TIMBERWOLVES,100,SACRAMENTO KINGS,120
2009-12-13,HOUSTON ROCKETS,88,TORONTO RAPTORS,101
2009-12-13,BROOKLYN NETS,107,ATLANTA HAWKS,130
2009-12-13,MEMPHIS GRIZZLIES,118,MIAMI HEAT,90
2009-12-14,CLEVELAND CAVALIERS,102,OKLAHOMA CITY THUNDER,89
2009-12-14,SAN ANTONIO SPURS,115,LOS ANGELES CLIPPERS,90
2009-12-15,INDIANA PACERS,98,ORLANDO MAGIC,106
2009-12-15,GOLDEN STATE WARRIORS,101,PHILADELPHIA 76ERS,117
2009-12-15,BOSTON CELTICS,110,MEMPHIS GRIZZLIES,105
2009-12-15,NEW ORLEANS PELICANS,90,DALLAS MAVERICKS,94
2009-12-15,OKLAHOMA CITY THUNDER,93,DENVER NUGGETS,102
2009-12-15,MINNESOTA TIMBERWOLVES,110,UTAH JAZZ,108
2009-12-15,WASHINGTON WIZARDS,95,LOS ANGELES CLIPPERS,97
2009-12-16,NEW YORK KNICKS,87,CHARLOTTE HORNETS,94
2009-12-16,BROOKLYN NETS,89,CLEVELAND CAVALIERS,99
2009-12-16,TORONTO RAPTORS,95,MIAMI HEAT,115
2009-12-16,LOS ANGELES LAKERS,96,CHICAGO BULLS,87
2009-12-16,DETROIT PISTONS,96,HOUSTON ROCKETS,107
2009-12-16,SAN ANTONIO SPURS,104,PHOENIX SUNS,116
2009-12-16,SACRAMENTO KINGS,88,PORTLAND TRAIL BLAZERS,95
2009-12-17,MEMPHIS GRIZZLIES,97,ATLANTA HAWKS,110
2009-12-17,CHARLOTTE HORNETS,98,INDIANA PACERS,101
2009-12-17,TORONTO RAPTORS,99,ORLANDO MAGIC,118
2009-12-17,CLEVELAND CAVALIERS,108,PHILADELPHIA 76ERS,101
2009-12-17,UTAH JAZZ,108,BROOKLYN NETS,92
2009-12-17,LOS ANGELES LAKERS,107,MILWAUKEE BUCKS,106
2009-12-17,LOS ANGELES CLIPPERS,120,MINNESOTA TIMBERWOLVES,95
2009-12-17,DETROIT PISTONS,87,NEW ORLEANS PELICANS,95
2009-12-17,DALLAS MAVERICKS,100,OKLAHOMA CITY THUNDER,86
2009-12-17,HOUSTON ROCKETS,101,DENVER NUGGETS,111
2009-12-17,SAN ANTONIO SPURS,103,GOLDEN STATE WARRIORS,91
2009-12-17,WASHINGTON WIZARDS,109,SACRAMENTO KINGS,112
2009-12-18,NEW YORK KNICKS,89,CHICAGO BULLS,98
2009-12-18,ORLANDO MAGIC,86,MIAMI HEAT,104
2009-12-18,PHOENIX SUNS,102,PORTLAND TRAIL BLAZERS,105
2009-12-19,BROOKLYN NETS,95,TORONTO RAPTORS,118
2009-12-19,UTAH JAZZ,83,ATLANTA HAWKS,96
2009-12-19,PHILADELPHIA 76ERS,98,BOSTON CELTICS,97
2009-12-19,MILWAUKEE BUCKS,82,CLEVELAND CAVALIERS,85
2009-12-19,INDIANA PACERS,94,MEMPHIS GRIZZLIES,107
2009-12-19,SACRAMENTO KINGS,96,MINNESOTA TIMBERWOLVES,112
2009-12-19,DENVER NUGGETS,92,NEW ORLEANS PELICANS,98
2009-12-19,LOS ANGELES CLIPPERS,91,NEW YORK KNICKS,95
2009-12-19,DETROIT PISTONS,98,OKLAHOMA CITY THUNDER,109
2009-12-19,HOUSTON ROCKETS,116,DALLAS MAVERICKS,108
2009-12-19,WASHINGTON WIZARDS,118,GOLDEN STATE WARRIORS,109
2009-12-20,UTAH JAZZ,110,CHARLOTTE HORNETS,102
2009-12-20,PORTLAND TRAIL BLAZERS,83,ORLANDO MAGIC,92
2009-12-20,LOS ANGELES CLIPPERS,112,PHILADELPHIA 76ERS,107
2009-12-20,ATLANTA HAWKS,98,CHICAGO BULLS,101
2009-12-20,LOS ANGELES LAKERS,103,BROOKLYN NETS,84
2009-12-20,OKLAHOMA CITY THUNDER,90,HOUSTON ROCKETS,95
2009-12-20,SACRAMENTO KINGS,96,MILWAUKEE BUCKS,95
2009-12-20,INDIANA PACERS,99,SAN ANTONIO SPURS,100
2009-12-20,WASHINGTON WIZARDS,95,PHOENIX SUNS,121
2009-12-20,NEW ORLEANS PELICANS,92,TORONTO RAPTORS,98
2009-12-20,DENVER NUGGETS,96,MEMPHIS GRIZZLIES,102
2009-12-20,MINNESOTA TIMBERWOLVES,104,BOSTON CELTICS,122
2009-12-20,LOS ANGELES LAKERS,93,DETROIT PISTONS,81
2009-12-20,PORTLAND TRAIL BLAZERS,102,MIAMI HEAT,95
2009-12-21,CLEVELAND CAVALIERS,95,DALLAS MAVERICKS,102
2009-12-21,CHARLOTTE HORNETS,94,NEW YORK KNICKS,98
2009-12-22,MILWAUKEE BUCKS,84,INDIANA PACERS,81
2009-12-22,UTAH JAZZ,99,ORLANDO MAGIC,104
2009-12-22,SACRAMENTO KINGS,102,CHICAGO BULLS,98
2009-12-22,LOS ANGELES CLIPPERS,87,SAN ANTONIO SPURS,103
2009-12-22,CLEVELAND CAVALIERS,109,PHOENIX SUNS,91
2009-12-23,DETROIT PISTONS,76,CHARLOTTE HORNETS,88
2009-12-23,PHILADELPHIA 76ERS,98,WASHINGTON WIZARDS,105
2009-12-23,INDIANA PACERS,94,BOSTON CELTICS,103
2009-12-23,CHICAGO BULLS,81,NEW YORK KNICKS,88
2009-12-23,GOLDEN STATE WARRIORS,108,MEMPHIS GRIZZLIES,121
2009-12-23,ATLANTA HAWKS,112,MINNESOTA TIMBERWOLVES,87
2009-12-23,PORTLAND TRAIL BLAZERS,85,DALLAS MAVERICKS,81
2009-12-23,LOS ANGELES CLIPPERS,99,HOUSTON ROCKETS,108
2009-12-23,OKLAHOMA CITY THUNDER,108,LOS ANGELES LAKERS,111
2009-12-24,HOUSTON ROCKETS,87,ORLANDO MAGIC,102
2009-12-24,TORONTO RAPTORS,94,DETROIT PISTONS,64
2009-12-24,UTAH JAZZ,70,MIAMI HEAT,80
2009-12-24,MINNESOTA TIMBERWOLVES,103,BROOKLYN NETS,99
2009-12-24,WASHINGTON WIZARDS,109,MILWAUKEE BUCKS,97
2009-12-24,GOLDEN STATE WARRIORS,102,NEW ORLEANS PELICANS,108
2009-12-24,PORTLAND TRAIL BLAZERS,98,SAN ANTONIO SPURS,94
2009-12-24,ATLANTA HAWKS,104,DENVER NUGGETS,124
2009-12-24,OKLAHOMA CITY THUNDER,117,PHOENIX SUNS,113
2009-12-24,CLEVELAND CAVALIERS,117,SACRAMENTO KINGS,104
2009-12-25,MIAMI HEAT,93,NEW YORK KNICKS,87
2009-12-25,BOSTON CELTICS,86,ORLANDO MAGIC,77
2009-12-25,CLEVELAND CAVALIERS,102,LOS ANGELES LAKERS,87
2009-12-26,LOS ANGELES CLIPPERS,93,PHOENIX SUNS,124
2009-12-26,DENVER NUGGETS,96,PORTLAND TRAIL BLAZERS,107
2009-12-26,MEMPHIS GRIZZLIES,101,DALLAS MAVERICKS,106
2009-12-27,ATLANTA HAWKS,110,INDIANA PACERS,98
2009-12-27,HOUSTON ROCKETS,98,BROOKLYN NETS,93
2009-12-27,NEW ORLEANS PELICANS,85,CHICAGO BULLS,96
2009-12-27,WASHINGTON WIZARDS,89,MINNESOTA TIMBERWOLVES,101
2009-12-27,CHARLOTTE HORNETS,91,OKLAHOMA CITY THUNDER,98
2009-12-27,SAN ANTONIO SPURS,112,MILWAUKEE BUCKS,97
2009-12-27,PHILADELPHIA 76ERS,76,UTAH JAZZ,97
2009-12-27,LOS ANGELES LAKERS,112,SACRAMENTO KINGS,103
2009-12-27,PHOENIX SUNS,127,GOLDEN STATE WARRIORS,132
2009-12-27,DETROIT PISTONS,95,TORONTO RAPTORS,102
2009-12-27,HOUSTON ROCKETS,83,CLEVELAND CAVALIERS,108
2009-12-27,INDIANA PACERS,80,MIAMI HEAT,114
2009-12-27,SAN ANTONIO SPURS,95,NEW YORK KNICKS,88
2009-12-28,DALLAS MAVERICKS,104,DENVER NUGGETS,96
2009-12-28,BOSTON CELTICS,90,LOS ANGELES CLIPPERS,92
2009-12-29,MILWAUKEE BUCKS,84,CHARLOTTE HORNETS,94
2009-12-29,OKLAHOMA CITY THUNDER,105,BROOKLYN NETS,89
2009-12-29,WASHINGTON WIZARDS,111,MEMPHIS GRIZZLIES,116
2009-12-29,LOS ANGELES LAKERS,103,PHOENIX SUNS,118
2009-12-29,PHILADELPHIA 76ERS,104,PORTLAND TRAIL BLAZERS,93
2009-12-29,DENVER NUGGETS,101,SACRAMENTO KINGS,106
2009-12-29,BOSTON CELTICS,99,GOLDEN STATE WARRIORS,103
2009-12-30,CLEVELAND CAVALIERS,95,ATLANTA HAWKS,84
2009-12-30,OKLAHOMA CITY THUNDER,110,WASHINGTON WIZARDS,98
2009-12-30,NEW YORK KNICKS,104,DETROIT PISTONS,87
2009-12-30,INDIANA PACERS,95,CHICAGO BULLS,104
2009-12-30,NEW ORLEANS PELICANS,100,HOUSTON ROCKETS,108
2009-12-30,MINNESOTA TIMBERWOLVES,99,SAN ANTONIO SPURS,117
2009-12-30,GOLDEN STATE WARRIORS,118,LOS ANGELES LAKERS,124
2009-12-31,ATLANTA HAWKS,101,CLEVELAND CAVALIERS,106
2009-12-31,MEMPHIS GRIZZLIES,121,INDIANA PACERS,110
2009-12-31,MILWAUKEE BUCKS,92,ORLANDO MAGIC,117
2009-12-31,CHARLOTTE HORNETS,103,TORONTO RAPTORS,107
2009-12-31,NEW YORK KNICKS,95,BROOKLYN NETS,104
2009-12-31,UTAH JAZZ,107,MINNESOTA TIMBERWOLVES,103
2009-12-31,MIAMI HEAT,91,NEW ORLEANS PELICANS,95
2009-12-31,BOSTON CELTICS,98,PHOENIX SUNS,116
2009-12-31,LOS ANGELES CLIPPERS,99,PORTLAND TRAIL BLAZERS,103
2009-12-31,PHILADELPHIA 76ERS,116,SACRAMENTO KINGS,106
2009-12-31,CHICAGO BULLS,98,DETROIT PISTONS,87
2010-01-01,DALLAS MAVERICKS,94,HOUSTON ROCKETS,97
2010-01-01,MIAMI HEAT,78,SAN ANTONIO SPURS,108
2010-01-01,UTAH JAZZ,86,OKLAHOMA CITY THUNDER,87
2010-01-01,PHILADELPHIA 76ERS,88,LOS ANGELES CLIPPERS,104
2010-01-02,NEW YORK KNICKS,112,ATLANTA HAWKS,108
2010-01-02,ORLANDO MAGIC,106,MINNESOTA TIMBERWOLVES,94
2010-01-02,SACRAMENTO KINGS,108,LOS ANGELES LAKERS,109
2010-01-02,CLEVELAND CAVALIERS,94,BROOKLYN NETS,86
2010-01-02,CHARLOTTE HORNETS,107,MIAMI HEAT,97
2010-01-03,MINNESOTA TIMBERWOLVES,111,INDIANA PACERS,122
2010-01-03,SAN ANTONIO SPURS,97,WASHINGTON WIZARDS,86
2010-01-03,TORONTO RAPTORS,96,BOSTON CELTICS,103
2010-01-03,ORLANDO MAGIC,93,CHICAGO BULLS,101
2010-01-03,HOUSTON ROCKETS,95,NEW ORLEANS PELICANS,99
2010-01-03,OKLAHOMA CITY THUNDER,97,MILWAUKEE BUCKS,103
2010-01-03,MEMPHIS GRIZZLIES,128,PHOENIX SUNS,103
2010-01-03,DENVER NUGGETS,105,UTAH JAZZ,95
2010-01-03,GOLDEN STATE WARRIORS,89,PORTLAND TRAIL BLAZERS,105
2010-01-03,DALLAS MAVERICKS,99,SACRAMENTO KINGS,91
2010-01-03,CHARLOTTE HORNETS,91,CLEVELAND CAVALIERS,88
2010-01-03,INDIANA PACERS,89,NEW YORK KNICKS,132
2010-01-03,SAN ANTONIO SPURS,86,TORONTO RAPTORS,91
2010-01-04,PHILADELPHIA 76ERS,108,DENVER NUGGETS,105
2010-01-04,DALLAS MAVERICKS,96,LOS ANGELES LAKERS,131
2010-01-05,ATLANTA HAWKS,75,MIAMI HEAT,92
2010-01-05,OKLAHOMA CITY THUNDER,98,CHICAGO BULLS,85
2010-01-05,NEW ORLEANS PELICANS,91,UTAH JAZZ,87
2010-01-05,PORTLAND TRAIL BLAZERS,95,LOS ANGELES CLIPPERS,105
2010-01-06,CHICAGO BULLS,108,CHARLOTTE HORNETS,113
2010-01-06,ORLANDO MAGIC,90,INDIANA PACERS,97
2010-01-06,WASHINGTON WIZARDS,104,PHILADELPHIA 76ERS,97
2010-01-06,MILWAUKEE BUCKS,98,BROOKLYN NETS,76
2010-01-06,DETROIT PISTONS,93,DALLAS MAVERICKS,98
2010-01-06,GOLDEN STATE WARRIORS,122,DENVER NUGGETS,123
2010-01-06,MEMPHIS GRIZZLIES,109,PORTLAND TRAIL BLAZERS,105
2010-01-06,PHOENIX SUNS,113,SACRAMENTO KINGS,109
2010-01-06,HOUSTON ROCKETS,79,LOS ANGELES LAKERS,88
2010-01-07,BROOKLYN NETS,89,ATLANTA HAWKS,119
2010-01-07,WASHINGTON WIZARDS,98,CLEVELAND CAVALIERS,121
2010-01-07,TORONTO RAPTORS,108,ORLANDO MAGIC,103
2010-01-07,BOSTON CELTICS,112,MIAMI HEAT,106
2010-01-07,GOLDEN STATE WARRIORS,107,MINNESOTA TIMBERWOLVES,101
2010-01-07,NEW ORLEANS PELICANS,97,OKLAHOMA CITY THUNDER,92
2010-01-07,DETROIT PISTONS,92,SAN ANTONIO SPURS,112
2010-01-07,HOUSTON ROCKETS,110,PHOENIX SUNS,118
2010-01-07,MEMPHIS GRIZZLIES,94,UTAH JAZZ,117
2010-01-07,LOS ANGELES LAKERS,91,LOS ANGELES CLIPPERS,102
2010-01-08,CHARLOTTE HORNETS,93,NEW YORK KNICKS,97
2010-01-09,TORONTO RAPTORS,108,PHILADELPHIA 76ERS,106
2010-01-09,ORLANDO MAGIC,97,WASHINGTON WIZARDS,104
2010-01-09,BOSTON CELTICS,85,ATLANTA HAWKS,93
2010-01-09,UTAH JAZZ,89,MEMPHIS GRIZZLIES,91
2010-01-09,INDIANA PACERS,109,MINNESOTA TIMBERWOLVES,116
2010-01-09,BROOKLYN NETS,99,NEW ORLEANS PELICANS,103
2010-01-09,CHICAGO BULLS,93,MILWAUKEE BUCKS,96
2010-01-09,DALLAS MAVERICKS,112,SAN ANTONIO SPURS,103
2010-01-09,MIAMI HEAT,109,PHOENIX SUNS,105
2010-01-09,LOS ANGELES LAKERS,98,PORTLAND TRAIL BLAZERS,107
2010-01-09,CLEVELAND CAVALIERS,97,DENVER NUGGETS,99
2010-01-09,SACRAMENTO KINGS,101,GOLDEN STATE WARRIORS,108
2010-01-10,MEMPHIS GRIZZLIES,87,CHARLOTTE HORNETS,89
2010-01-10,ATLANTA HAWKS,81,ORLANDO MAGIC,113
2010-01-10,PHILADELPHIA 76ERS,104,DETROIT PISTONS,94
2010-01-10,MINNESOTA TIMBERWOLVES,96,CHICAGO BULLS,110
2010-01-10,INDIANA PACERS,102,OKLAHOMA CITY THUNDER,108
2010-01-10,UTAH JAZZ,111,DALLAS MAVERICKS,93
2010-01-10,NEW YORK KNICKS,96,HOUSTON ROCKETS,105
2010-01-10,DENVER NUGGETS,100,SACRAMENTO KINGS,102
2010-01-10,BOSTON CELTICS,114,TORONTO RAPTORS,107
2010-01-10,NEW ORLEANS PELICANS,115,WASHINGTON WIZARDS,110
2010-01-10,MIAMI HEAT,84,LOS ANGELES CLIPPERS,94
2010-01-11,BROOKLYN NETS,85,SAN ANTONIO SPURS,97
2010-01-11,CLEVELAND CAVALIERS,106,PORTLAND TRAIL BLAZERS,94
2010-01-11,MILWAUKEE BUCKS,77,LOS ANGELES LAKERS,95
2010-01-12,TORONTO RAPTORS,101,INDIANA PACERS,105
2010-01-12,NEW ORLEANS PELICANS,92,PHILADELPHIA 76ERS,96
2010-01-12,ATLANTA HAWKS,102,BOSTON CELTICS,96
2010-01-12,DETROIT PISTONS,87,CHICAGO BULLS,120
2010-01-12,NEW YORK KNICKS,88,OKLAHOMA CITY THUNDER,106
2010-01-12,MINNESOTA TIMBERWOLVES,94,DENVER NUGGETS,105
2010-01-12,MILWAUKEE BUCKS,101,PHOENIX SUNS,105
2010-01-12,MIAMI HEAT,89,UTAH JAZZ,118
2010-01-12,CLEVELAND CAVALIERS,117,GOLDEN STATE WARRIORS,114
2010-01-13,HOUSTON ROCKETS,94,CHARLOTTE HORNETS,102
2010-01-13,DETROIT PISTONS,99,WASHINGTON WIZARDS,90
2010-01-13,LOS ANGELES CLIPPERS,102,MEMPHIS GRIZZLIES,104
2010-01-13,LOS ANGELES LAKERS,85,SAN ANTONIO SPURS,105
2010-01-13,ORLANDO MAGIC,109,SACRAMENTO KINGS,88
2010-01-14,WASHINGTON WIZARDS,82,ATLANTA HAWKS,94
2010-01-14,PHOENIX SUNS,114,INDIANA PACERS,122
2010-01-14,NEW YORK KNICKS,93,PHILADELPHIA 76ERS,92
2010-01-14,BOSTON CELTICS,111,BROOKLYN NETS,87
2010-01-14,LOS ANGELES CLIPPERS,94,NEW ORLEANS PELICANS,108
2010-01-14,SAN ANTONIO SPURS,109,OKLAHOMA CITY THUNDER,108
2010-01-14,LOS ANGELES LAKERS,100,DALLAS MAVERICKS,95
2010-01-14,MINNESOTA TIMBERWOLVES,114,HOUSTON ROCKETS,120
2010-01-14,ORLANDO MAGIC,97,DENVER NUGGETS,115
2010-01-14,MILWAUKEE BUCKS,108,PORTLAND TRAIL BLAZERS,120
2010-01-14,MIAMI HEAT,115,GOLDEN STATE WARRIORS,102
2010-01-15,CHICAGO BULLS,96,BOSTON CELTICS,83
2010-01-15,CLEVELAND CAVALIERS,96,UTAH JAZZ,97
2010-01-16,SAN ANTONIO SPURS,76,CHARLOTTE HORNETS,92
2010-01-16,SACRAMENTO KINGS,86,PHILADELPHIA 76ERS,98
2010-01-16,PHOENIX SUNS,101,ATLANTA HAWKS,102
2010-01-16,WASHINGTON WIZARDS,119,CHICAGO BULLS,121
2010-01-16,NEW ORLEANS PELICANS,104,DETROIT PISTONS,110
2010-01-16,MINNESOTA TIMBERWOLVES,110,MEMPHIS GRIZZLIES,135
2010-01-16,INDIANA PACERS,121,BROOKLYN NETS,105
2010-01-16,TORONTO RAPTORS,112,NEW YORK KNICKS,104
2010-01-16,OKLAHOMA CITY THUNDER,98,DALLAS MAVERICKS,99
2010-01-16,MIAMI HEAT,115,HOUSTON ROCKETS,106
2010-01-16,MILWAUKEE BUCKS,113,GOLDEN STATE WARRIORS,104
2010-01-16,LOS ANGELES CLIPPERS,86,LOS ANGELES LAKERS,126
2010-01-16,ORLANDO MAGIC,87,PORTLAND TRAIL BLAZERS,102
2010-01-16,NEW ORLEANS PELICANS,101,INDIANA PACERS,96
2010-01-17,PHOENIX SUNS,99,CHARLOTTE HORNETS,125
2010-01-17,SACRAMENTO KINGS,86,WASHINGTON WIZARDS,96
2010-01-17,NEW YORK KNICKS,90,DETROIT PISTONS,94
2010-01-17,SAN ANTONIO SPURS,86,MEMPHIS GRIZZLIES,92
2010-01-17,MIAMI HEAT,80,OKLAHOMA CITY THUNDER,98
2010-01-17,MILWAUKEE BUCKS,95,UTAH JAZZ,112
2010-01-17,CLEVELAND CAVALIERS,102,LOS ANGELES CLIPPERS,101
2010-01-17,DALLAS MAVERICKS,88,TORONTO RAPTORS,110
2010-01-18,UTAH JAZZ,112,DENVER NUGGETS,119
2010-01-18,DETROIT PISTONS,91,NEW YORK KNICKS,99
2010-01-18,PORTLAND TRAIL BLAZERS,92,WASHINGTON WIZARDS,97
2010-01-18,OKLAHOMA CITY THUNDER,94,ATLANTA HAWKS,91
2010-01-18,SACRAMENTO KINGS,103,CHARLOTTE HORNETS,105
2010-01-18,MILWAUKEE BUCKS,98,HOUSTON ROCKETS,101
2010-01-18,BROOKLYN NETS,95,LOS ANGELES CLIPPERS,106
2010-01-18,PHILADELPHIA 76ERS,103,MINNESOTA TIMBERWOLVES,108
2010-01-18,SAN ANTONIO SPURS,97,NEW ORLEANS PELICANS,90
2010-01-18,CHICAGO BULLS,97,GOLDEN STATE WARRIORS,114
2010-01-18,PHOENIX SUNS,118,MEMPHIS GRIZZLIES,125
2010-01-19,DALLAS MAVERICKS,99,BOSTON CELTICS,90
2010-01-19,ORLANDO MAGIC,92,LOS ANGELES LAKERS,98
2010-01-20,TORONTO RAPTORS,100,CLEVELAND CAVALIERS,108
2010-01-20,INDIANA PACERS,83,MIAMI HEAT,113
2010-01-21,SACRAMENTO KINGS,97,ATLANTA HAWKS,108
2010-01-21,MIAMI HEAT,65,CHARLOTTE HORNETS,104
2010-01-21,INDIANA PACERS,98,ORLANDO MAGIC,109
2010-01-21,PORTLAND TRAIL BLAZERS,98,PHILADELPHIA 76ERS,90
2010-01-21,DALLAS MAVERICKS,94,WASHINGTON WIZARDS,93
2010-01-21,BOSTON CELTICS,86,DETROIT PISTONS,92
2010-01-21,TORONTO RAPTORS,107,MILWAUKEE BUCKS,113
2010-01-21,OKLAHOMA CITY THUNDER,94,MINNESOTA TIMBERWOLVES,92
2010-01-21,MEMPHIS GRIZZLIES,111,NEW ORLEANS PELICANS,113
2010-01-21,BROOKLYN NETS,94,PHOENIX SUNS,118
2010-01-21,UTAH JAZZ,105,SAN ANTONIO SPURS,98
2010-01-21,DENVER NUGGETS,123,GOLDEN STATE WARRIORS,118
2010-01-21,CHICAGO BULLS,97,LOS ANGELES CLIPPERS,104
2010-01-22,LOS ANGELES LAKERS,87,CLEVELAND CAVALIERS,93
2010-01-22,LOS ANGELES CLIPPERS,85,DENVER NUGGETS,105
2010-01-23,SACRAMENTO KINGS,84,ORLANDO MAGIC,100
2010-01-23,DALLAS MAVERICKS,81,PHILADELPHIA 76ERS,92
2010-01-23,MILWAUKEE BUCKS,96,TORONTO RAPTORS,101
2010-01-23,MIAMI HEAT,112,WASHINGTON WIZARDS,88
2010-01-23,CHARLOTTE HORNETS,89,ATLANTA HAWKS,103
2010-01-23,PORTLAND TRAIL BLAZERS,95,BOSTON CELTICS,98
2010-01-23,INDIANA PACERS,105,DETROIT PISTONS,93
2010-01-23,OKLAHOMA CITY THUNDER,84,MEMPHIS GRIZZLIES,86
2010-01-23,NEW ORLEANS PELICANS,96,MINNESOTA TIMBERWOLVES,94
2010-01-23,LOS ANGELES LAKERS,115,NEW YORK KNICKS,105
2010-01-23,HOUSTON ROCKETS,116,SAN ANTONIO SPURS,109
2010-01-23,BROOKLYN NETS,79,GOLDEN STATE WARRIORS,111
2010-01-23,CHICAGO BULLS,115,PHOENIX SUNS,104
2010-01-24,ORLANDO MAGIC,106,CHARLOTTE HORNETS,95
2010-01-24,PHILADELPHIA 76ERS,107,INDIANA PACERS,97
2010-01-24,OKLAHOMA CITY THUNDER,99,CLEVELAND CAVALIERS,100
2010-01-24,PORTLAND TRAIL BLAZERS,97,DETROIT PISTONS,93
2010-01-24,SACRAMENTO KINGS,84,MIAMI HEAT,115
2010-01-24,CHICAGO BULLS,104,HOUSTON ROCKETS,97
2010-01-24,MINNESOTA TIMBERWOLVES,94,MILWAUKEE BUCKS,127
2010-01-24,NEW ORLEANS PELICANS,110,DENVER NUGGETS,116
2010-01-24,GOLDEN STATE WARRIORS,103,PHOENIX SUNS,112
2010-01-24,BROOKLYN NETS,83,UTAH JAZZ,116
2010-01-24,DALLAS MAVERICKS,128,NEW YORK KNICKS,78
2010-01-24,LOS ANGELES CLIPPERS,92,WASHINGTON WIZARDS,78
2010-01-24,LOS ANGELES LAKERS,105,TORONTO RAPTORS,106
2010-01-26,INDIANA PACERS,109,PHILADELPHIA 76ERS,98
2010-01-26,LOS ANGELES CLIPPERS,89,BOSTON CELTICS,95
2010-01-26,CLEVELAND CAVALIERS,92,MIAMI HEAT,91
2010-01-26,ORLANDO MAGIC,94,MEMPHIS GRIZZLIES,99
2010-01-26,ATLANTA HAWKS,102,HOUSTON ROCKETS,95
2010-01-26,CHICAGO BULLS,98,SAN ANTONIO SPURS,93
2010-01-26,CHARLOTTE HORNETS,93,DENVER NUGGETS,104
2010-01-26,PHOENIX SUNS,115,UTAH JAZZ,124
2010-01-26,NEW ORLEANS PELICANS,98,PORTLAND TRAIL BLAZERS,97
2010-01-27,LOS ANGELES LAKERS,115,WASHINGTON WIZARDS,103
2010-01-27,MINNESOTA TIMBERWOLVES,105,NEW YORK KNICKS,132
2010-01-27,MILWAUKEE BUCKS,107,DALLAS MAVERICKS,108
2010-01-27,CHARLOTTE HORNETS,114,PHOENIX SUNS,109
2010-01-27,GOLDEN STATE WARRIORS,96,SACRAMENTO KINGS,99
2010-01-28,MINNESOTA TIMBERWOLVES,95,CLEVELAND CAVALIERS,109
2010-01-28,LOS ANGELES LAKERS,118,INDIANA PACERS,96
2010-01-28,MIAMI HEAT,103,TORONTO RAPTORS,111
2010-01-28,MEMPHIS GRIZZLIES,99,DETROIT PISTONS,93
2010-01-28,LOS ANGELES CLIPPERS,87,BROOKLYN NETS,103
2010-01-28,PHILADELPHIA 76ERS,88,MILWAUKEE BUCKS,91
2010-01-28,CHICAGO BULLS,96,OKLAHOMA CITY THUNDER,86
2010-01-28,DENVER NUGGETS,97,HOUSTON ROCKETS,92
2010-01-28,ATLANTA HAWKS,90,SAN ANTONIO SPURS,105
2010-01-28,UTAH JAZZ,106,PORTLAND TRAIL BLAZERS,95
2010-01-28,NEW ORLEANS PELICANS,123,GOLDEN STATE WARRIORS,110
2010-01-29,TORONTO RAPTORS,106,NEW YORK KNICKS,104
2010-01-29,BOSTON CELTICS,94,ORLANDO MAGIC,96
2010-01-29,DALLAS MAVERICKS,106,PHOENIX SUNS,112
2010-01-30,CLEVELAND CAVALIERS,94,INDIANA PACERS,73
2010-01-30,LOS ANGELES LAKERS,99,PHILADELPHIA 76ERS,91
2010-01-30,BOSTON CELTICS,91,ATLANTA HAWKS,100
2010-01-30,MIAMI HEAT,92,DETROIT PISTONS,65
2010-01-30,LOS ANGELES CLIPPERS,97,MINNESOTA TIMBERWOLVES,111
2010-01-30,WASHINGTON WIZARDS,81,BROOKLYN NETS,79
2010-01-30,CHICAGO BULLS,108,NEW ORLEANS PELICANS,106
2010-01-30,DENVER NUGGETS,84,OKLAHOMA CITY THUNDER,101
2010-01-30,PORTLAND TRAIL BLAZERS,100,HOUSTON ROCKETS,104
2010-01-30,MEMPHIS GRIZZLIES,97,SAN ANTONIO SPURS,104
2010-01-30,SACRAMENTO KINGS,94,UTAH JAZZ,101
2010-01-30,CHARLOTTE HORNETS,121,GOLDEN STATE WARRIORS,110
2010-01-31,ATLANTA HAWKS,86,ORLANDO MAGIC,104
2010-01-31,NEW ORLEANS PELICANS,109,MEMPHIS GRIZZLIES,102
2010-01-31,NEW YORK KNICKS,96,WASHINGTON WIZARDS,106
2010-01-31,MIAMI HEAT,84,MILWAUKEE BUCKS,95
2010-01-31,PORTLAND TRAIL BLAZERS,114,DALLAS MAVERICKS,112
2010-01-31,CHARLOTTE HORNETS,103,SACRAMENTO KINGS,96
2010-01-31,DENVER NUGGETS,103,SAN ANTONIO SPURS,89
2010-01-31,LOS ANGELES LAKERS,90,BOSTON CELTICS,89
2010-01-31,LOS ANGELES CLIPPERS,89,CLEVELAND CAVALIERS,114
2010-01-31,ORLANDO MAGIC,91,DETROIT PISTONS,86
2010-01-31,PHILADELPHIA 76ERS,83,BROOKLYN NETS,79
2010-01-31,INDIANA PACERS,102,TORONTO RAPTORS,117
2010-02-01,PHOENIX SUNS,115,HOUSTON ROCKETS,111
2010-02-01,NEW YORK KNICKS,91,MINNESOTA TIMBERWOLVES,112
2010-02-01,GOLDEN STATE WARRIORS,104,OKLAHOMA CITY THUNDER,112
2010-02-02,BOSTON CELTICS,99,WASHINGTON WIZARDS,88
2010-02-02,MILWAUKEE BUCKS,97,MIAMI HEAT,81
2010-02-02,LOS ANGELES LAKERS,93,MEMPHIS GRIZZLIES,95
2010-02-02,PHOENIX SUNS,109,NEW ORLEANS PELICANS,100
2010-02-02,SACRAMENTO KINGS,109,DENVER NUGGETS,112
2010-02-02,DALLAS MAVERICKS,92,UTAH JAZZ,104
2010-02-02,CHARLOTTE HORNETS,79,PORTLAND TRAIL BLAZERS,98
2010-02-03,MEMPHIS GRIZZLIES,89,CLEVELAND CAVALIERS,105
2010-02-03,TORONTO RAPTORS,115,INDIANA PACERS,130
2010-02-03,MILWAUKEE BUCKS,82,ORLANDO MAGIC,99
2010-02-03,DETROIT PISTONS,97,BROOKLYN NETS,93
2010-02-03,LOS ANGELES CLIPPERS,90,CHICAGO BULLS,82
2010-02-03,ATLANTA HAWKS,99,OKLAHOMA CITY THUNDER,106
2010-02-03,GOLDEN STATE WARRIORS,97,HOUSTON ROCKETS,119
2010-02-04,LOS ANGELES CLIPPERS,97,ATLANTA HAWKS,103
2010-02-04,CHICAGO BULLS,103,PHILADELPHIA 76ERS,106
2010-02-04,BROOKLYN NETS,99,TORONTO RAPTORS,108
2010-02-04,WASHINGTON WIZARDS,85,NEW YORK KNICKS,107
2010-02-04,MIAMI HEAT,102,BOSTON CELTICS,107
2010-02-04,OKLAHOMA CITY THUNDER,103,NEW ORLEANS PELICANS,99
2010-02-04,GOLDEN STATE WARRIORS,101,DALLAS MAVERICKS,110
2010-02-04,PORTLAND TRAIL BLAZERS,105,UTAH JAZZ,118
2010-02-04,SAN ANTONIO SPURS,115,SACRAMENTO KINGS,113
2010-02-04,PHOENIX SUNS,109,DENVER NUGGETS,97
2010-02-04,CHARLOTTE HORNETS,97,LOS ANGELES LAKERS,99
2010-02-05,MIAMI HEAT,86,CLEVELAND CAVALIERS,102
2010-02-05,SAN ANTONIO SPURS,93,PORTLAND TRAIL BLAZERS,96
2010-02-06,DETROIT PISTONS,83,INDIANA PACERS,107
2010-02-06,WASHINGTON WIZARDS,92,ORLANDO MAGIC,91
2010-02-06,BROOKLYN NETS,87,BOSTON CELTICS,96
2010-02-06,MILWAUKEE BUCKS,114,NEW YORK KNICKS,107
2010-02-06,CHICAGO BULLS,81,ATLANTA HAWKS,91
2010-02-06,HOUSTON ROCKETS,101,MEMPHIS GRIZZLIES,83
2010-02-06,PHILADELPHIA 76ERS,101,NEW ORLEANS PELICANS,94
2010-02-06,MINNESOTA TIMBERWOLVES,117,DALLAS MAVERICKS,108
2010-02-06,PHOENIX SUNS,114,SACRAMENTO KINGS,102
2010-02-06,DENVER NUGGETS,126,LOS ANGELES LAKERS,113
2010-02-07,NEW ORLEANS PELICANS,104,CHARLOTTE HORNETS,99
2010-02-07,NEW YORK KNICKS,106,CLEVELAND CAVALIERS,113
2010-02-07,BROOKLYN NETS,92,DETROIT PISTONS,99
2010-02-07,MIAMI HEAT,91,CHICAGO BULLS,95
2010-02-07,MEMPHIS GRIZZLIES,102,MINNESOTA TIMBERWOLVES,109
2010-02-07,PHILADELPHIA 76ERS,102,HOUSTON ROCKETS,95
2010-02-07,INDIANA PACERS,81,MILWAUKEE BUCKS,93
2010-02-07,DENVER NUGGETS,106,UTAH JAZZ,116
2010-02-07,LOS ANGELES LAKERS,99,PORTLAND TRAIL BLAZERS,82
2010-02-07,OKLAHOMA CITY THUNDER,104,GOLDEN STATE WARRIORS,95
2010-02-07,SAN ANTONIO SPURS,98,LOS ANGELES CLIPPERS,81
2010-02-07,SACRAMENTO KINGS,104,TORONTO RAPTORS,115
2010-02-07,ORLANDO MAGIC,96,BOSTON CELTICS,89
2010-02-09,NEW ORLEANS PELICANS,117,ORLANDO MAGIC,123
2010-02-09,DALLAS MAVERICKS,127,GOLDEN STATE WARRIORS,117
2010-02-09,SAN ANTONIO SPURS,89,LOS ANGELES LAKERS,101
2010-02-10,WASHINGTON WIZARDS,92,CHARLOTTE HORNETS,94
2010-02-10,BROOKLYN NETS,97,CLEVELAND CAVALIERS,104
2010-02-10,CHICAGO BULLS,109,INDIANA PACERS,101
2010-02-10,MINNESOTA TIMBERWOLVES,97,PHILADELPHIA 76ERS,119
2010-02-10,HOUSTON ROCKETS,66,MIAMI HEAT,99
2010-02-10,SACRAMENTO KINGS,118,NEW YORK KNICKS,114
2010-02-10,ATLANTA HAWKS,108,MEMPHIS GRIZZLIES,94
2010-02-10,DETROIT PISTONS,93,MILWAUKEE BUCKS,81
2010-02-10,DALLAS MAVERICKS,91,DENVER NUGGETS,127
2010-02-10,OKLAHOMA CITY THUNDER,89,PORTLAND TRAIL BLAZERS,77
2010-02-10,UTAH JAZZ,109,LOS ANGELES CLIPPERS,99
2010-02-11,MIAMI HEAT,94,ATLANTA HAWKS,76
2010-02-11,PHILADELPHIA 76ERS,93,TORONTO RAPTORS,104
2010-02-11,SACRAMENTO KINGS,103,DETROIT PISTONS,97
2010-02-11,MILWAUKEE BUCKS,97,BROOKLYN NETS,77
2010-02-11,ORLANDO MAGIC,107,CHICAGO BULLS,87
2010-02-11,CHARLOTTE HORNETS,93,MINNESOTA TIMBERWOLVES,92
2010-02-11,BOSTON CELTICS,85,NEW ORLEANS PELICANS,93
2010-02-11,PORTLAND TRAIL BLAZERS,108,PHOENIX SUNS,101
2010-02-11,LOS ANGELES LAKERS,96,UTAH JAZZ,81
2010-02-11,LOS ANGELES CLIPPERS,102,GOLDEN STATE WARRIORS,132
2010-02-12,ORLANDO MAGIC,106,CLEVELAND CAVALIERS,115
2010-02-12,SAN ANTONIO SPURS,111,DENVER NUGGETS,92
2010-02-17,BROOKLYN NETS,103,CHARLOTTE HORNETS,94
2010-02-17,MIAMI HEAT,105,PHILADELPHIA 76ERS,78
2010-02-17,MINNESOTA TIMBERWOLVES,85,DETROIT PISTONS,108
2010-02-17,NEW YORK KNICKS,85,CHICAGO BULLS,118
2010-02-17,PHOENIX SUNS,109,MEMPHIS GRIZZLIES,95
2010-02-17,DALLAS MAVERICKS,86,OKLAHOMA CITY THUNDER,99
2010-02-17,UTAH JAZZ,104,HOUSTON ROCKETS,95
2010-02-17,LOS ANGELES CLIPPERS,87,PORTLAND TRAIL BLAZERS,109
2010-02-17,BOSTON CELTICS,95,SACRAMENTO KINGS,92
2010-02-17,GOLDEN STATE WARRIORS,94,LOS ANGELES LAKERS,104
2010-02-18,SAN ANTONIO SPURS,90,INDIANA PACERS,87
2010-02-18,DETROIT PISTONS,91,ORLANDO MAGIC,116
2010-02-18,MEMPHIS GRIZZLIES,109,TORONTO RAPTORS,102
2010-02-18,MINNESOTA TIMBERWOLVES,99,WASHINGTON WIZARDS,108
2010-02-18,MIAMI HEAT,87,BROOKLYN NETS,84
2010-02-18,CHICAGO BULLS,115,NEW YORK KNICKS,109
2010-02-18,HOUSTON ROCKETS,127,MILWAUKEE BUCKS,99
2010-02-18,UTAH JAZZ,98,NEW ORLEANS PELICANS,90
2010-02-18,PHOENIX SUNS,97,DALLAS MAVERICKS,107
2010-02-18,SACRAMENTO KINGS,98,GOLDEN STATE WARRIORS,130
2010-02-18,ATLANTA HAWKS,110,LOS ANGELES CLIPPERS,92
2010-02-19,DENVER NUGGETS,118,CLEVELAND CAVALIERS,116
2010-02-19,BOSTON CELTICS,87,LOS ANGELES LAKERS,86
2010-02-20,CLEVELAND CAVALIERS,93,CHARLOTTE HORNETS,110
2010-02-20,SAN ANTONIO SPURS,94,PHILADELPHIA 76ERS,106
2010-02-20,DENVER NUGGETS,97,WASHINGTON WIZARDS,107
2010-02-20,MILWAUKEE BUCKS,91,DETROIT PISTONS,85
2010-02-20,MIAMI HEAT,100,MEMPHIS GRIZZLIES,87
2010-02-20,CHICAGO BULLS,100,MINNESOTA TIMBERWOLVES,94
2010-02-20,TORONTO RAPTORS,106,BROOKLYN NETS,89
2010-02-20,INDIANA PACERS,101,NEW ORLEANS PELICANS,107
2010-02-20,DALLAS MAVERICKS,95,ORLANDO MAGIC,85
2010-02-20,ATLANTA HAWKS,80,PHOENIX SUNS,88
2010-02-20,UTAH JAZZ,100,GOLDEN STATE WARRIORS,89
2010-02-20,BOSTON CELTICS,96,PORTLAND TRAIL BLAZERS,76
2010-02-21,WASHINGTON WIZARDS,104,TORONTO RAPTORS,109
2010-02-21,OKLAHOMA CITY THUNDER,121,NEW YORK KNICKS,118
2010-02-21,PHILADELPHIA 76ERS,90,CHICAGO BULLS,122
2010-02-21,MIAMI HEAT,91,DALLAS MAVERICKS,97
2010-02-21,INDIANA PACERS,125,HOUSTON ROCKETS,115
2010-02-21,CHARLOTTE HORNETS,88,MILWAUKEE BUCKS,93
2010-02-21,SACRAMENTO KINGS,89,LOS ANGELES CLIPPERS,99
2010-02-21,CLEVELAND CAVALIERS,95,ORLANDO MAGIC,101
2010-02-21,BOSTON CELTICS,105,DENVER NUGGETS,114
2010-02-21,SAN ANTONIO SPURS,101,DETROIT PISTONS,109
2010-02-21,MEMPHIS GRIZZLIES,104,BROOKLYN NETS,94
2010-02-22,OKLAHOMA CITY THUNDER,109,MINNESOTA TIMBERWOLVES,107
2010-02-22,HOUSTON ROCKETS,94,NEW ORLEANS PELICANS,102
2010-02-22,ATLANTA HAWKS,104,GOLDEN STATE WARRIORS,108
2010-02-22,SACRAMENTO KINGS,88,PHOENIX SUNS,104
2010-02-22,UTAH JAZZ,93,PORTLAND TRAIL BLAZERS,89
2010-02-23,CHICAGO BULLS,95,WASHINGTON WIZARDS,101
2010-02-23,MILWAUKEE BUCKS,83,NEW YORK KNICKS,67
2010-02-23,INDIANA PACERS,82,DALLAS MAVERICKS,91
2010-02-23,ATLANTA HAWKS,105,UTAH JAZZ,100
2010-02-23,CHARLOTTE HORNETS,94,LOS ANGELES CLIPPERS,98
2010-02-24,NEW ORLEANS PELICANS,95,CLEVELAND CAVALIERS,105
2010-02-24,NEW YORK KNICKS,106,BOSTON CELTICS,110
2010-02-24,MINNESOTA TIMBERWOLVES,91,MIAMI HEAT,88
2010-02-24,PORTLAND TRAIL BLAZERS,102,BROOKLYN NETS,93
2010-02-24,LOS ANGELES LAKERS,99,MEMPHIS GRIZZLIES,98
2010-02-24,PHOENIX SUNS,104,OKLAHOMA CITY THUNDER,102
2010-02-24,DETROIT PISTONS,101,SACRAMENTO KINGS,89
2010-02-24,PHILADELPHIA 76ERS,110,GOLDEN STATE WARRIORS,102
2010-02-25,MINNESOTA TIMBERWOLVES,92,ATLANTA HAWKS,98
2010-02-25,PORTLAND TRAIL BLAZERS,101,TORONTO RAPTORS,87
2010-02-25,MEMPHIS GRIZZLIES,99,WASHINGTON WIZARDS,94
2010-02-25,INDIANA PACERS,110,CHICAGO BULLS,120
2010-02-25,NEW ORLEANS PELICANS,95,MILWAUKEE BUCKS,115
2010-02-25,ORLANDO MAGIC,110,HOUSTON ROCKETS,92
2010-02-25,OKLAHOMA CITY THUNDER,87,SAN ANTONIO SPURS,95
2010-02-25,LOS ANGELES LAKERS,96,DALLAS MAVERICKS,101
2010-02-25,PHILADELPHIA 76ERS,95,PHOENIX SUNS,106
2010-02-25,CHARLOTTE HORNETS,93,UTAH JAZZ,102
2010-02-25,DETROIT PISTONS,91,LOS ANGELES CLIPPERS,97
2010-02-26,MILWAUKEE BUCKS,112,INDIANA PACERS,110
2010-02-26,CLEVELAND CAVALIERS,108,BOSTON CELTICS,88
2010-02-26,DENVER NUGGETS,127,GOLDEN STATE WARRIORS,112
2010-02-27,DALLAS MAVERICKS,111,ATLANTA HAWKS,103
2010-02-27,CLEVELAND CAVALIERS,126,TORONTO RAPTORS,118
2010-02-27,NEW YORK KNICKS,118,WASHINGTON WIZARDS,116
2010-02-27,PORTLAND TRAIL BLAZERS,111,CHICAGO BULLS,115
2010-02-27,CHARLOTTE HORNETS,93,MEMPHIS GRIZZLIES,89
2010-02-27,MINNESOTA TIMBERWOLVES,92,OKLAHOMA CITY THUNDER,109
2010-02-27,SAN ANTONIO SPURS,104,HOUSTON ROCKETS,109
2010-02-27,DETROIT PISTONS,102,DENVER NUGGETS,107
2010-02-27,LOS ANGELES CLIPPERS,112,PHOENIX SUNS,125
2010-02-27,ORLANDO MAGIC,93,NEW ORLEANS PELICANS,100
2010-02-27,UTAH JAZZ,99,SACRAMENTO KINGS,103
2010-02-27,PHILADELPHIA 76ERS,90,LOS ANGELES LAKERS,99
2010-02-27,BROOKLYN NETS,104,BOSTON CELTICS,96
2010-02-27,MILWAUKEE BUCKS,94,MIAMI HEAT,71
2010-02-28,CHICAGO BULLS,90,INDIANA PACERS,100
2010-02-28,MEMPHIS GRIZZLIES,120,NEW YORK KNICKS,109
2010-02-28,PORTLAND TRAIL BLAZERS,110,MINNESOTA TIMBERWOLVES,91
2010-02-28,HOUSTON ROCKETS,110,UTAH JAZZ,133
2010-02-28,DETROIT PISTONS,88,GOLDEN STATE WARRIORS,95
2010-02-28,PHOENIX SUNS,110,SAN ANTONIO SPURS,113
2010-02-28,DENVER NUGGETS,89,LOS ANGELES LAKERS,95
2010-02-28,MILWAUKEE BUCKS,102,ATLANTA HAWKS,106
2010-02-28,WASHINGTON WIZARDS,89,BROOKLYN NETS,85
2010-03-01,TORONTO RAPTORS,99,OKLAHOMA CITY THUNDER,119
2010-03-01,MIAMI HEAT,80,ORLANDO MAGIC,96
2010-03-01,LOS ANGELES CLIPPERS,92,SACRAMENTO KINGS,97
2010-03-01,NEW ORLEANS PELICANS,100,DALLAS MAVERICKS,108
2010-03-02,DALLAS MAVERICKS,89,CHARLOTTE HORNETS,84
2010-03-02,NEW YORK KNICKS,93,CLEVELAND CAVALIERS,124
2010-03-02,ORLANDO MAGIC,126,PHILADELPHIA 76ERS,105
2010-03-02,ATLANTA HAWKS,116,CHICAGO BULLS,92
2010-03-02,PORTLAND TRAIL BLAZERS,103,MEMPHIS GRIZZLIES,93
2010-03-02,SAN ANTONIO SPURS,106,NEW ORLEANS PELICANS,92
2010-03-02,TORONTO RAPTORS,92,HOUSTON ROCKETS,116
2010-03-02,DENVER NUGGETS,85,PHOENIX SUNS,101
2010-03-02,UTAH JAZZ,104,LOS ANGELES CLIPPERS,108
2010-03-03,BOSTON CELTICS,105,DETROIT PISTONS,100
2010-03-03,GOLDEN STATE WARRIORS,106,MIAMI HEAT,110
2010-03-03,SACRAMENTO KINGS,107,OKLAHOMA CITY THUNDER,113
2010-03-03,INDIANA PACERS,99,LOS ANGELES LAKERS,122
2010-03-04,PHILADELPHIA 76ERS,93,ATLANTA HAWKS,112
2010-03-04,GOLDEN STATE WARRIORS,90,ORLANDO MAGIC,117
2010-03-04,CHARLOTTE HORNETS,80,BOSTON CELTICS,104
2010-03-04,CLEVELAND CAVALIERS,111,BROOKLYN NETS,92
2010-03-04,DETROIT PISTONS,104,NEW YORK KNICKS,128
2010-03-04,WASHINGTON WIZARDS,87,MILWAUKEE BUCKS,100
2010-03-04,MEMPHIS GRIZZLIES,104,NEW ORLEANS PELICANS,100
2010-03-04,MINNESOTA TIMBERWOLVES,109,DALLAS MAVERICKS,112
2010-03-04,SACRAMENTO KINGS,84,HOUSTON ROCKETS,81
2010-03-04,OKLAHOMA CITY THUNDER,90,DENVER NUGGETS,119
2010-03-04,INDIANA PACERS,79,PORTLAND TRAIL BLAZERS,102
2010-03-04,PHOENIX SUNS,127,LOS ANGELES CLIPPERS,101
2010-03-05,MEMPHIS GRIZZLIES,105,CHICAGO BULLS,96
2010-03-05,LOS ANGELES LAKERS,111,MIAMI HEAT,114
2010-03-05,UTAH JAZZ,116,PHOENIX SUNS,108
2010-03-06,LOS ANGELES LAKERS,83,CHARLOTTE HORNETS,98
2010-03-06,DETROIT PISTONS,92,CLEVELAND CAVALIERS,99
2010-03-06,BOSTON CELTICS,96,PHILADELPHIA 76ERS,86
2010-03-06,NEW YORK KNICKS,96,TORONTO RAPTORS,102
2010-03-06,MILWAUKEE BUCKS,102,WASHINGTON WIZARDS,74
2010-03-06,GOLDEN STATE WARRIORS,122,ATLANTA HAWKS,127
2010-03-06,ORLANDO MAGIC,97,BROOKLYN NETS,87
2010-03-06,SACRAMENTO KINGS,100,DALLAS MAVERICKS,108
2010-03-06,INDIANA PACERS,114,DENVER NUGGETS,122
2010-03-06,NEW ORLEANS PELICANS,91,SAN ANTONIO SPURS,102
2010-03-06,OKLAHOMA CITY THUNDER,104,LOS ANGELES CLIPPERS,87
2010-03-07,GOLDEN STATE WARRIORS,90,CHARLOTTE HORNETS,101
2010-03-07,ATLANTA HAWKS,94,MIAMI HEAT,100
2010-03-07,BROOKLYN NETS,113,NEW YORK KNICKS,93
2010-03-07,DALLAS MAVERICKS,122,CHICAGO BULLS,116
2010-03-07,SAN ANTONIO SPURS,102,MEMPHIS GRIZZLIES,92
2010-03-07,HOUSTON ROCKETS,112,MINNESOTA TIMBERWOLVES,98
2010-03-07,CLEVELAND CAVALIERS,85,MILWAUKEE BUCKS,92
2010-03-07,INDIANA PACERS,105,PHOENIX SUNS,113
2010-03-07,LOS ANGELES CLIPPERS,85,UTAH JAZZ,107
2010-03-07,PHILADELPHIA 76ERS,114,TORONTO RAPTORS,101
2010-03-07,LOS ANGELES LAKERS,94,ORLANDO MAGIC,96
2010-03-07,HOUSTON ROCKETS,107,DETROIT PISTONS,110
2010-03-08,WASHINGTON WIZARDS,83,BOSTON CELTICS,86
2010-03-08,OKLAHOMA CITY THUNDER,108,SACRAMENTO KINGS,102
2010-03-08,PORTLAND TRAIL BLAZERS,106,DENVER NUGGETS,118
2010-03-09,SAN ANTONIO SPURS,95,CLEVELAND CAVALIERS,97
2010-03-09,ATLANTA HAWKS,98,NEW YORK KNICKS,99
2010-03-09,BROOKLYN NETS,101,MEMPHIS GRIZZLIES,107
2010-03-09,DALLAS MAVERICKS,125,MINNESOTA TIMBERWOLVES,112
2010-03-09,GOLDEN STATE WARRIORS,131,NEW ORLEANS PELICANS,135
2010-03-10,MIAMI HEAT,78,CHARLOTTE HORNETS,83
2010-03-10,PHILADELPHIA 76ERS,96,INDIANA PACERS,107
2010-03-10,LOS ANGELES CLIPPERS,87,ORLANDO MAGIC,113
2010-03-10,HOUSTON ROCKETS,96,WASHINGTON WIZARDS,88
2010-03-10,UTAH JAZZ,132,CHICAGO BULLS,108
2010-03-10,BOSTON CELTICS,84,MILWAUKEE BUCKS,86
2010-03-10,SACRAMENTO KINGS,81,PORTLAND TRAIL BLAZERS,88
2010-03-10,TORONTO RAPTORS,107,LOS ANGELES LAKERS,109
2010-03-11,CHARLOTTE HORNETS,102,PHILADELPHIA 76ERS,87
2010-03-11,MEMPHIS GRIZZLIES,111,BOSTON CELTICS,91
2010-03-11,UTAH JAZZ,115,DETROIT PISTONS,104
2010-03-11,LOS ANGELES CLIPPERS,97,MIAMI HEAT,108
2010-03-11,DENVER NUGGETS,110,MINNESOTA TIMBERWOLVES,102
2010-03-11,NEW ORLEANS PELICANS,83,OKLAHOMA CITY THUNDER,98
2010-03-11,BROOKLYN NETS,87,DALLAS MAVERICKS,96
2010-03-11,NEW YORK KNICKS,87,SAN ANTONIO SPURS,97
2010-03-11,TORONTO RAPTORS,90,SACRAMENTO KINGS,113
2010-03-12,ATLANTA HAWKS,105,WASHINGTON WIZARDS,99
2010-03-12,CHICAGO BULLS,82,ORLANDO MAGIC,111
2010-03-12,PORTLAND TRAIL BLAZERS,110,GOLDEN STATE WARRIORS,105
2010-03-13,LOS ANGELES CLIPPERS,98,CHARLOTTE HORNETS,106
2010-03-13,CLEVELAND CAVALIERS,100,PHILADELPHIA 76ERS,95
2010-03-13,INDIANA PACERS,103,BOSTON CELTICS,122
2010-03-13,CHICAGO BULLS,95,MIAMI HEAT,108
2010-03-13,WASHINGTON WIZARDS,87,DETROIT PISTONS,101
2010-03-13,NEW YORK KNICKS,112,MEMPHIS GRIZZLIES,119
2010-03-13,SAN ANTONIO SPURS,103,MINNESOTA TIMBERWOLVES,85
2010-03-13,DENVER NUGGETS,102,NEW ORLEANS PELICANS,95
2010-03-13,BROOKLYN NETS,102,OKLAHOMA CITY THUNDER,104
2010-03-13,UTAH JAZZ,87,MILWAUKEE BUCKS,95
2010-03-13,LOS ANGELES LAKERS,102,PHOENIX SUNS,96
2010-03-13,PORTLAND TRAIL BLAZERS,110,SACRAMENTO KINGS,94
2010-03-14,DETROIT PISTONS,99,ATLANTA HAWKS,112
2010-03-14,ORLANDO MAGIC,109,WASHINGTON WIZARDS,95
2010-03-14,DENVER NUGGETS,125,MEMPHIS GRIZZLIES,108
2010-03-14,NEW YORK KNICKS,128,DALLAS MAVERICKS,94
2010-03-14,BROOKLYN NETS,108,HOUSTON ROCKETS,116
2010-03-14,LOS ANGELES CLIPPERS,88,SAN ANTONIO SPURS,118
2010-03-14,TORONTO RAPTORS,112,GOLDEN STATE WARRIORS,124
2010-03-14,INDIANA PACERS,94,MILWAUKEE BUCKS,98
2010-03-14,BOSTON CELTICS,93,CLEVELAND CAVALIERS,104
2010-03-14,PHILADELPHIA 76ERS,91,MIAMI HEAT,104
2010-03-14,CHARLOTTE HORNETS,96,ORLANDO MAGIC,89
2010-03-14,UTAH JAZZ,111,OKLAHOMA CITY THUNDER,119
2010-03-15,NEW ORLEANS PELICANS,106,PHOENIX SUNS,120
2010-03-15,TORONTO RAPTORS,98,PORTLAND TRAIL BLAZERS,109
2010-03-15,MINNESOTA TIMBERWOLVES,100,SACRAMENTO KINGS,114
2010-03-15,NEW YORK KNICKS,94,PHILADELPHIA 76ERS,84
2010-03-16,DETROIT PISTONS,93,BOSTON CELTICS,119
2010-03-16,DENVER NUGGETS,123,HOUSTON ROCKETS,125
2010-03-16,WASHINGTON WIZARDS,89,UTAH JAZZ,112
2010-03-16,LOS ANGELES LAKERS,124,GOLDEN STATE WARRIORS,121
2010-03-16,NEW ORLEANS PELICANS,108,LOS ANGELES CLIPPERS,100
2010-03-16,CHARLOTTE HORNETS,94,INDIANA PACERS,99
2010-03-16,CLEVELAND CAVALIERS,113,DETROIT PISTONS,101
2010-03-16,SAN ANTONIO SPURS,88,MIAMI HEAT,76
2010-03-16,ATLANTA HAWKS,108,BROOKLYN NETS,84
2010-03-17,CHICAGO BULLS,97,MEMPHIS GRIZZLIES,104
2010-03-17,WASHINGTON WIZARDS,87,DENVER NUGGETS,97
2010-03-17,MINNESOTA TIMBERWOLVES,114,PHOENIX SUNS,152
2010-03-17,LOS ANGELES LAKERS,106,SACRAMENTO KINGS,99
2010-03-17,OKLAHOMA CITY THUNDER,92,CHARLOTTE HORNETS,100
2010-03-17,INDIANA PACERS,94,CLEVELAND CAVALIERS,99
2010-03-17,BROOKLYN NETS,97,PHILADELPHIA 76ERS,108
2010-03-17,ATLANTA HAWKS,105,TORONTO RAPTORS,106
2010-03-17,NEW YORK KNICKS,97,BOSTON CELTICS,109
2010-03-18,SAN ANTONIO SPURS,84,ORLANDO MAGIC,110
2010-03-18,CHICAGO BULLS,106,DALLAS MAVERICKS,113
2010-03-18,MEMPHIS GRIZZLIES,94,HOUSTON ROCKETS,107
2010-03-18,MINNESOTA TIMBERWOLVES,100,UTAH JAZZ,122
2010-03-18,NEW ORLEANS PELICANS,121,GOLDEN STATE WARRIORS,131
2010-03-18,MILWAUKEE BUCKS,93,LOS ANGELES CLIPPERS,101
2010-03-18,ORLANDO MAGIC,108,MIAMI HEAT,102
2010-03-19,NEW ORLEANS PELICANS,80,DENVER NUGGETS,93
2010-03-19,DETROIT PISTONS,102,INDIANA PACERS,106
2010-03-19,OKLAHOMA CITY THUNDER,115,TORONTO RAPTORS,89
2010-03-19,CHARLOTTE HORNETS,92,ATLANTA HAWKS,93
2010-03-19,PHILADELPHIA 76ERS,88,NEW YORK KNICKS,92
2010-03-20,CLEVELAND CAVALIERS,92,CHICAGO BULLS,85
2010-03-20,BOSTON CELTICS,94,HOUSTON ROCKETS,87
2010-03-20,GOLDEN STATE WARRIORS,116,SAN ANTONIO SPURS,147
2010-03-20,UTAH JAZZ,100,PHOENIX SUNS,110
2010-03-20,WASHINGTON WIZARDS,74,PORTLAND TRAIL BLAZERS,76
2010-03-20,MILWAUKEE BUCKS,114,SACRAMENTO KINGS,108
2010-03-20,MINNESOTA TIMBERWOLVES,96,LOS ANGELES LAKERS,104
2010-03-20,CHICAGO BULLS,98,PHILADELPHIA 76ERS,84
2010-03-20,CHARLOTTE HORNETS,71,MIAMI HEAT,77
2010-03-20,TORONTO RAPTORS,100,BROOKLYN NETS,90
2010-03-21,GOLDEN STATE WARRIORS,107,MEMPHIS GRIZZLIES,123
2010-03-21,BOSTON CELTICS,102,DALLAS MAVERICKS,93
2010-03-21,MILWAUKEE BUCKS,102,DENVER NUGGETS,97
2010-03-21,NEW ORLEANS PELICANS,86,UTAH JAZZ,106
2010-03-21,HOUSTON ROCKETS,116,NEW YORK KNICKS,112
2010-03-21,OKLAHOMA CITY THUNDER,101,INDIANA PACERS,121
2010-03-21,SACRAMENTO KINGS,102,LOS ANGELES CLIPPERS,89
2010-03-21,DETROIT PISTONS,79,CLEVELAND CAVALIERS,104
2010-03-22,SAN ANTONIO SPURS,114,ATLANTA HAWKS,119
2010-03-22,WASHINGTON WIZARDS,92,LOS ANGELES LAKERS,99
2010-03-22,PORTLAND TRAIL BLAZERS,87,PHOENIX SUNS,93
2010-03-22,ORLANDO MAGIC,109,PHILADELPHIA 76ERS,93
2010-03-22,MIAMI HEAT,99,BROOKLYN NETS,89
2010-03-23,HOUSTON ROCKETS,88,CHICAGO BULLS,98
2010-03-23,ATLANTA HAWKS,95,MILWAUKEE BUCKS,98
2010-03-23,TORONTO RAPTORS,106,MINNESOTA TIMBERWOLVES,100
2010-03-23,DALLAS MAVERICKS,99,NEW ORLEANS PELICANS,115
2010-03-23,SAN ANTONIO SPURS,99,OKLAHOMA CITY THUNDER,96
2010-03-23,BOSTON CELTICS,97,UTAH JAZZ,110
2010-03-23,MEMPHIS GRIZZLIES,102,SACRAMENTO KINGS,85
2010-03-23,PHOENIX SUNS,133,GOLDEN STATE WARRIORS,131
2010-03-23,CHARLOTTE HORNETS,95,WASHINGTON WIZARDS,86
2010-03-23,INDIANA PACERS,98,DETROIT PISTONS,83
2010-03-23,DENVER NUGGETS,104,NEW YORK KNICKS,109
2010-03-24,LOS ANGELES CLIPPERS,96,DALLAS MAVERICKS,106
2010-03-24,ORLANDO MAGIC,84,ATLANTA HAWKS,86
2010-03-24,DENVER NUGGETS,99,BOSTON CELTICS,113
2010-03-24,MINNESOTA TIMBERWOLVES,95,CHARLOTTE HORNETS,108
2010-03-24,WASHINGTON WIZARDS,82,INDIANA PACERS,99
2010-03-24,UTAH JAZZ,113,TORONTO RAPTORS,87
2010-03-24,SACRAMENTO KINGS,79,BROOKLYN NETS,93
2010-03-25,PHILADELPHIA 76ERS,101,MILWAUKEE BUCKS,86
2010-03-25,CLEVELAND CAVALIERS,105,NEW ORLEANS PELICANS,92
2010-03-25,HOUSTON ROCKETS,104,OKLAHOMA CITY THUNDER,122
2010-03-25,LOS ANGELES LAKERS,92,SAN ANTONIO SPURS,83
2010-03-25,MEMPHIS GRIZZLIES,110,GOLDEN STATE WARRIORS,128
2010-03-26,MIAMI HEAT,103,CHICAGO BULLS,74
2010-03-26,LOS ANGELES CLIPPERS,99,HOUSTON ROCKETS,93
2010-03-26,DALLAS MAVERICKS,89,PORTLAND TRAIL BLAZERS,101
2010-03-26,WASHINGTON WIZARDS,96,CHARLOTTE HORNETS,107
2010-03-26,UTAH JAZZ,106,INDIANA PACERS,122
2010-03-26,MINNESOTA TIMBERWOLVES,97,ORLANDO MAGIC,106
2010-03-26,ATLANTA HAWKS,98,PHILADELPHIA 76ERS,105
2010-03-26,DENVER NUGGETS,97,TORONTO RAPTORS,96
2010-03-26,SACRAMENTO KINGS,86,BOSTON CELTICS,94
2010-03-27,DETROIT PISTONS,110,BROOKLYN NETS,118
2010-03-27,LOS ANGELES LAKERS,75,OKLAHOMA CITY THUNDER,91
2010-03-27,MIAMI HEAT,87,MILWAUKEE BUCKS,74
2010-03-27,CLEVELAND CAVALIERS,97,SAN ANTONIO SPURS,102
2010-03-27,NEW YORK KNICKS,96,PHOENIX SUNS,132
2010-03-27,UTAH JAZZ,103,WASHINGTON WIZARDS,87
2010-03-28,BROOKLYN NETS,83,CHICAGO BULLS,106
2010-03-28,PORTLAND TRAIL BLAZERS,112,NEW ORLEANS PELICANS,101
2010-03-28,LOS ANGELES LAKERS,109,HOUSTON ROCKETS,101
2010-03-28,DALLAS MAVERICKS,111,GOLDEN STATE WARRIORS,90
2010-03-28,SACRAMENTO KINGS,90,CLEVELAND CAVALIERS,97
2010-03-28,MEMPHIS GRIZZLIES,103,MILWAUKEE BUCKS,108
2010-03-28,INDIANA PACERS,84,ATLANTA HAWKS,94
2010-03-28,CHICAGO BULLS,110,DETROIT PISTONS,103
2010-03-28,TORONTO RAPTORS,94,MIAMI HEAT,97
2010-03-28,DENVER NUGGETS,97,ORLANDO MAGIC,103
2010-03-28,PHOENIX SUNS,111,MINNESOTA TIMBERWOLVES,105
2010-03-28,PORTLAND TRAIL BLAZERS,92,OKLAHOMA CITY THUNDER,87
2010-03-29,SAN ANTONIO SPURS,94,BOSTON CELTICS,73
2010-03-29,GOLDEN STATE WARRIORS,121,LOS ANGELES CLIPPERS,103
2010-03-29,TORONTO RAPTORS,103,CHARLOTTE HORNETS,101
2010-03-29,SAN ANTONIO SPURS,84,BROOKLYN NETS,90
2010-03-30,LOS ANGELES LAKERS,100,NEW ORLEANS PELICANS,108
2010-03-30,DENVER NUGGETS,93,DALLAS MAVERICKS,109
2010-03-30,NEW YORK KNICKS,98,UTAH JAZZ,103
2010-03-30,SACRAMENTO KINGS,95,INDIANA PACERS,102
2010-03-30,OKLAHOMA CITY THUNDER,111,PHILADELPHIA 76ERS,93
2010-03-31,PHOENIX SUNS,111,CHICAGO BULLS,105
2010-03-31,LOS ANGELES CLIPPERS,89,MILWAUKEE BUCKS,107
2010-03-31,WASHINGTON WIZARDS,94,HOUSTON ROCKETS,98
2010-03-31,LOS ANGELES LAKERS,92,ATLANTA HAWKS,109
2010-03-31,PHILADELPHIA 76ERS,84,CHARLOTTE HORNETS,103
2010-03-31,MILWAUKEE BUCKS,98,CLEVELAND CAVALIERS,101
2010-03-31,LOS ANGELES CLIPPERS,92,TORONTO RAPTORS,114
2010-03-31,OKLAHOMA CITY THUNDER,109,BOSTON CELTICS,104
2010-03-31,MIAMI HEAT,98,DETROIT PISTONS,81
2010-03-31,PHOENIX SUNS,116,BROOKLYN NETS,105
2010-04-01,DALLAS MAVERICKS,106,MEMPHIS GRIZZLIES,102
2010-04-01,SACRAMENTO KINGS,99,MINNESOTA TIMBERWOLVES,108
2010-04-01,WASHINGTON WIZARDS,96,NEW ORLEANS PELICANS,91
2010-04-01,HOUSTON ROCKETS,102,SAN ANTONIO SPURS,119
2010-04-01,NEW YORK KNICKS,90,PORTLAND TRAIL BLAZERS,118
2010-04-01,GOLDEN STATE WARRIORS,104,UTAH JAZZ,128
2010-04-02,ORLANDO MAGIC,97,DALLAS MAVERICKS,82
2010-04-02,PORTLAND TRAIL BLAZERS,92,DENVER NUGGETS,109
2010-04-02,MILWAUKEE BUCKS,86,CHARLOTTE HORNETS,87
2010-04-02,MIAMI HEAT,105,INDIANA PACERS,96
2010-04-02,CHICAGO BULLS,95,WASHINGTON WIZARDS,87
2010-04-02,HOUSTON ROCKETS,119,BOSTON CELTICS,114
2010-04-03,ATLANTA HAWKS,88,CLEVELAND CAVALIERS,93
2010-04-03,PHOENIX SUNS,109,DETROIT PISTONS,94
2010-04-03,NEW ORLEANS PELICANS,96,MEMPHIS GRIZZLIES,107
2010-04-03,ORLANDO MAGIC,100,SAN ANTONIO SPURS,112
2010-04-03,NEW YORK KNICKS,117,GOLDEN STATE WARRIORS,128
2010-04-03,UTAH JAZZ,92,LOS ANGELES LAKERS,106
2010-04-03,TORONTO RAPTORS,128,PHILADELPHIA 76ERS,123
2010-04-03,DETROIT PISTONS,85,ATLANTA HAWKS,91
2010-04-03,NEW ORLEANS PELICANS,87,BROOKLYN NETS,115
2010-04-04,CHARLOTTE HORNETS,88,CHICAGO BULLS,96
2010-04-04,MIAMI HEAT,97,MINNESOTA TIMBERWOLVES,84
2010-04-04,OKLAHOMA CITY THUNDER,121,DALLAS MAVERICKS,116
2010-04-04,PHOENIX SUNS,98,MILWAUKEE BUCKS,107
2010-04-04,LOS ANGELES CLIPPERS,90,DENVER NUGGETS,98
2010-04-04,PORTLAND TRAIL BLAZERS,98,SACRAMENTO KINGS,87
2010-04-04,CLEVELAND CAVALIERS,113,BOSTON CELTICS,117
2010-04-04,SAN ANTONIO SPURS,100,LOS ANGELES LAKERS,81
2010-04-04,HOUSTON ROCKETS,102,INDIANA PACERS,133
2010-04-04,MEMPHIS GRIZZLIES,92,ORLANDO MAGIC,107
2010-04-04,GOLDEN STATE WARRIORS,113,TORONTO RAPTORS,112
2010-04-04,BROOKLYN NETS,99,WASHINGTON WIZARDS,109
2010-04-04,MINNESOTA TIMBERWOLVES,108,OKLAHOMA CITY THUNDER,116
2010-04-05,NEW YORK KNICKS,113,LOS ANGELES CLIPPERS,107
2010-04-06,ATLANTA HAWKS,100,CHARLOTTE HORNETS,109
2010-04-06,TORONTO RAPTORS,101,CLEVELAND CAVALIERS,113
2010-04-06,DETROIT PISTONS,124,PHILADELPHIA 76ERS,103
2010-04-06,GOLDEN STATE WARRIORS,94,WASHINGTON WIZARDS,112
2010-04-06,BOSTON CELTICS,101,NEW YORK KNICKS,104
2010-04-07,MILWAUKEE BUCKS,79,CHICAGO BULLS,74
2010-04-07,HOUSTON ROCKETS,113,MEMPHIS GRIZZLIES,103
2010-04-07,OKLAHOMA CITY THUNDER,139,UTAH JAZZ,140
2010-04-07,SAN ANTONIO SPURS,95,SACRAMENTO KINGS,86
2010-04-07,NEW YORK KNICKS,105,INDIANA PACERS,113
2010-04-07,WASHINGTON WIZARDS,94,ORLANDO MAGIC,121
2010-04-07,BOSTON CELTICS,115,TORONTO RAPTORS,104
2010-04-07,ATLANTA HAWKS,88,DETROIT PISTONS,90
2010-04-07,PHILADELPHIA 76ERS,95,MIAMI HEAT,99
2010-04-08,UTAH JAZZ,96,HOUSTON ROCKETS,113
2010-04-08,BROOKLYN NETS,89,MILWAUKEE BUCKS,108
2010-04-08,GOLDEN STATE WARRIORS,116,MINNESOTA TIMBERWOLVES,107
2010-04-08,CHARLOTTE HORNETS,104,NEW ORLEANS PELICANS,103
2010-04-08,DENVER NUGGETS,98,OKLAHOMA CITY THUNDER,94
2010-04-08,MEMPHIS GRIZZLIES,84,DALLAS MAVERICKS,110
2010-04-08,PORTLAND TRAIL BLAZERS,93,LOS ANGELES CLIPPERS,85
2010-04-08,SAN ANTONIO SPURS,101,PHOENIX SUNS,112
2010-04-09,CLEVELAND CAVALIERS,108,CHICAGO BULLS,109
2010-04-09,LOS ANGELES CLIPPERS,94,SACRAMENTO KINGS,116
2010-04-09,LOS ANGELES LAKERS,96,DENVER NUGGETS,98
2010-04-09,NEW YORK KNICKS,103,ORLANDO MAGIC,118
2010-04-09,MILWAUKEE BUCKS,95,PHILADELPHIA 76ERS,90
2010-04-09,TORONTO RAPTORS,101,ATLANTA HAWKS,107
2010-04-09,WASHINGTON WIZARDS,106,BOSTON CELTICS,96
2010-04-09,INDIANA PACERS,116,CLEVELAND CAVALIERS,113
2010-04-09,DETROIT PISTONS,106,MIAMI HEAT,99
2010-04-10,LOS ANGELES LAKERS,97,MINNESOTA TIMBERWOLVES,88
2010-04-10,CHICAGO BULLS,116,BROOKLYN NETS,127
2010-04-10,UTAH JAZZ,114,NEW ORLEANS PELICANS,103
2010-04-10,PHOENIX SUNS,91,OKLAHOMA CITY THUNDER,96
2010-04-10,CHARLOTTE HORNETS,90,HOUSTON ROCKETS,97
2010-04-10,MEMPHIS GRIZZLIES,107,SAN ANTONIO SPURS,99
2010-04-10,DALLAS MAVERICKS,83,PORTLAND TRAIL BLAZERS,77
2010-04-10,DETROIT PISTONS,95,CHARLOTTE HORNETS,99
2010-04-10,BROOKLYN NETS,102,INDIANA PACERS,115
2010-04-10,ATLANTA HAWKS,105,WASHINGTON WIZARDS,95
2010-04-11,PHILADELPHIA 76ERS,120,MEMPHIS GRIZZLIES,101
2010-04-11,BOSTON CELTICS,105,MILWAUKEE BUCKS,90
2010-04-11,SAN ANTONIO SPURS,104,DENVER NUGGETS,85
2010-04-11,DALLAS MAVERICKS,126,SACRAMENTO KINGS,108
2010-04-11,GOLDEN STATE WARRIORS,104,LOS ANGELES CLIPPERS,107
2010-04-11,ORLANDO MAGIC,98,CLEVELAND CAVALIERS,92
2010-04-11,PORTLAND TRAIL BLAZERS,91,LOS ANGELES LAKERS,88
2010-04-11,MIAMI HEAT,111,NEW YORK KNICKS,98
2010-04-11,CHICAGO BULLS,104,TORONTO RAPTORS,88
2010-04-11,MINNESOTA TIMBERWOLVES,86,NEW ORLEANS PELICANS,114
2010-04-12,OKLAHOMA CITY THUNDER,117,GOLDEN STATE WARRIORS,120
2010-04-12,HOUSTON ROCKETS,106,PHOENIX SUNS,116
2010-04-12,ORLANDO MAGIC,118,INDIANA PACERS,98
2010-04-12,MIAMI HEAT,107,PHILADELPHIA 76ERS,105
2010-04-12,TORONTO RAPTORS,111,DETROIT PISTONS,97
2010-04-12,CHARLOTTE HORNETS,105,BROOKLYN NETS,95
2010-04-12,WASHINGTON WIZARDS,103,NEW YORK KNICKS,114
2010-04-13,ATLANTA HAWKS,104,MILWAUKEE BUCKS,96
2010-04-13,MINNESOTA TIMBERWOLVES,111,SAN ANTONIO SPURS,133
2010-04-13,MEMPHIS GRIZZLIES,101,DENVER NUGGETS,123
2010-04-13,OKLAHOMA CITY THUNDER,95,PORTLAND TRAIL BLAZERS,103
2010-04-13,HOUSTON ROCKETS,117,SACRAMENTO KINGS,107
2010-04-13,DALLAS MAVERICKS,117,LOS ANGELES CLIPPERS,94
2010-04-14,BOSTON CELTICS,93,CHICAGO BULLS,101
2010-04-14,UTAH JAZZ,103,GOLDEN STATE WARRIORS,94
2010-04-14,SACRAMENTO KINGS,100,LOS ANGELES LAKERS,106
2010-04-14,DENVER NUGGETS,101,PHOENIX SUNS,123
2010-04-15,CLEVELAND CAVALIERS,83,ATLANTA HAWKS,99
2010-04-15,MILWAUKEE BUCKS,106,BOSTON CELTICS,95
2010-04-15,CHICAGO BULLS,98,CHARLOTTE HORNETS,89
2010-04-15,SAN ANTONIO SPURS,89,DALLAS MAVERICKS,96
2010-04-15,NEW ORLEANS PELICANS,123,HOUSTON ROCKETS,115
2010-04-15,BROOKLYN NETS,86,MIAMI HEAT,94
2010-04-15,DETROIT PISTONS,103,MINNESOTA TIMBERWOLVES,98
2010-04-15,MEMPHIS GRIZZLIES,105,OKLAHOMA CITY THUNDER,114
2010-04-15,PHILADELPHIA 76ERS,111,ORLANDO MAGIC,125
2010-04-15,NEW YORK KNICKS,113,TORONTO RAPTORS,131
2010-04-15,INDIANA PACERS,97,WASHINGTON WIZARDS,98
2010-04-15,LOS ANGELES LAKERS,91,LOS ANGELES CLIPPERS,107
2010-04-15,GOLDEN STATE WARRIORS,122,PORTLAND TRAIL BLAZERS,116
2010-04-15,PHOENIX SUNS,100,UTAH JAZZ,86
2010-04-17,CHICAGO BULLS,83,CLEVELAND CAVALIERS,96
2010-04-17,MILWAUKEE BUCKS,92,ATLANTA HAWKS,102
2010-04-18,MIAMI HEAT,76,BOSTON CELTICS,85
2010-04-18,UTAH JAZZ,113,DENVER NUGGETS,126
2010-04-18,OKLAHOMA CITY THUNDER,79,LOS ANGELES LAKERS,87
2010-04-18,CHARLOTTE HORNETS,89,ORLANDO MAGIC,98
2010-04-19,SAN ANTONIO SPURS,94,DALLAS MAVERICKS,100
2010-04-19,PORTLAND TRAIL BLAZERS,105,PHOENIX SUNS,100
2010-04-20,CHICAGO BULLS,102,CLEVELAND CAVALIERS,112
2010-04-20,UTAH JAZZ,114,DENVER NUGGETS,111
2010-04-20,MILWAUKEE BUCKS,86,ATLANTA HAWKS,96
2010-04-21,MIAMI HEAT,77,BOSTON CELTICS,106
2010-04-21,PORTLAND TRAIL BLAZERS,90,PHOENIX SUNS,119
2010-04-21,OKLAHOMA CITY THUNDER,92,LOS ANGELES LAKERS,95
2010-04-21,CHARLOTTE HORNETS,77,ORLANDO MAGIC,92
2010-04-22,SAN ANTONIO SPURS,102,DALLAS MAVERICKS,88
2010-04-22,CLEVELAND CAVALIERS,106,CHICAGO BULLS,108
2010-04-23,LOS ANGELES LAKERS,96,OKLAHOMA CITY THUNDER,101
2010-04-23,PHOENIX SUNS,108,PORTLAND TRAIL BLAZERS,89
2010-04-23,BOSTON CELTICS,100,MIAMI HEAT,98
2010-04-24,DALLAS MAVERICKS,90,SAN ANTONIO SPURS,94
2010-04-24,DENVER NUGGETS,93,UTAH JAZZ,105
2010-04-24,ORLANDO MAGIC,90,CHARLOTTE HORNETS,86
2010-04-24,PHOENIX SUNS,87,PORTLAND TRAIL BLAZERS,96
2010-04-24,ATLANTA HAWKS,89,MILWAUKEE BUCKS,107
2010-04-25,LOS ANGELES LAKERS,89,OKLAHOMA CITY THUNDER,110
2010-04-25,BOSTON CELTICS,92,MIAMI HEAT,101
2010-04-25,CLEVELAND CAVALIERS,121,CHICAGO BULLS,98
2010-04-25,DALLAS MAVERICKS,89,SAN ANTONIO SPURS,92
2010-04-26,DENVER NUGGETS,106,UTAH JAZZ,117
2010-04-27,ORLANDO MAGIC,99,CHARLOTTE HORNETS,90
2010-04-27,ATLANTA HAWKS,104,MILWAUKEE BUCKS,111
2010-04-27,PORTLAND TRAIL BLAZERS,88,PHOENIX SUNS,107
2010-04-27,MIAMI HEAT,86,BOSTON CELTICS,96
2010-04-28,CHICAGO BULLS,94,CLEVELAND CAVALIERS,96
2010-04-28,SAN ANTONIO SPURS,81,DALLAS MAVERICKS,103
2010-04-28,OKLAHOMA CITY THUNDER,87,LOS ANGELES LAKERS,111
2010-04-29,MILWAUKEE BUCKS,91,ATLANTA HAWKS,87
2010-04-29,UTAH JAZZ,102,DENVER NUGGETS,116
2010-04-30,DALLAS MAVERICKS,87,SAN ANTONIO SPURS,97
2010-04-30,PHOENIX SUNS,99,PORTLAND TRAIL BLAZERS,90
2010-04-30,ATLANTA HAWKS,83,MILWAUKEE BUCKS,69
2010-05-01,LOS ANGELES LAKERS,95,OKLAHOMA CITY THUNDER,94
2010-05-01,DENVER NUGGETS,104,UTAH JAZZ,112
2010-05-02,BOSTON CELTICS,93,CLEVELAND CAVALIERS,101
2010-05-02,MILWAUKEE BUCKS,74,ATLANTA HAWKS,95
2010-05-02,UTAH JAZZ,99,LOS ANGELES LAKERS,104
2010-05-04,BOSTON CELTICS,104,CLEVELAND CAVALIERS,86
2010-05-04,SAN ANTONIO SPURS,102,PHOENIX SUNS,111
2010-05-05,ATLANTA HAWKS,71,ORLANDO MAGIC,114
2010-05-05,UTAH JAZZ,103,LOS ANGELES LAKERS,111
2010-05-06,SAN ANTONIO SPURS,102,PHOENIX SUNS,110
2010-05-07,ATLANTA HAWKS,98,ORLANDO MAGIC,112
2010-05-07,CLEVELAND CAVALIERS,124,BOSTON CELTICS,95
2010-05-08,PHOENIX SUNS,110,SAN ANTONIO SPURS,96
2010-05-08,ORLANDO MAGIC,105,ATLANTA HAWKS,75
2010-05-09,LOS ANGELES LAKERS,111,UTAH JAZZ,110
2010-05-09,CLEVELAND CAVALIERS,87,BOSTON CELTICS,97
2010-05-10,PHOENIX SUNS,107,SAN ANTONIO SPURS,101
2010-05-11,ORLANDO MAGIC,98,ATLANTA HAWKS,84
2010-05-11,LOS ANGELES LAKERS,111,UTAH JAZZ,96
2010-05-12,BOSTON CELTICS,120,CLEVELAND CAVALIERS,88
2010-05-14,CLEVELAND CAVALIERS,85,BOSTON CELTICS,94
2010-05-16,BOSTON CELTICS,92,ORLANDO MAGIC,88
2010-05-18,PHOENIX SUNS,107,LOS ANGELES LAKERS,128
2010-05-19,BOSTON CELTICS,95,ORLANDO MAGIC,92
2010-05-20,PHOENIX SUNS,112,LOS ANGELES LAKERS,124
2010-05-23,ORLANDO MAGIC,71,BOSTON CELTICS,94
2010-05-24,LOS ANGELES LAKERS,109,PHOENIX SUNS,118
2010-05-25,ORLANDO MAGIC,96,BOSTON CELTICS,92
2010-05-26,LOS ANGELES LAKERS,106,PHOENIX SUNS,115
2010-05-27,BOSTON CELTICS,92,ORLANDO MAGIC,113
2010-05-28,PHOENIX SUNS,101,LOS ANGELES LAKERS,103
2010-05-29,ORLANDO MAGIC,84,BOSTON CELTICS,96
2010-05-30,LOS ANGELES LAKERS,111,PHOENIX SUNS,103
2010-06-04,BOSTON CELTICS,89,LOS ANGELES LAKERS,102
2010-06-07,BOSTON CELTICS,103,LOS ANGELES LAKERS,94
2010-06-09,LOS ANGELES LAKERS,91,BOSTON CELTICS,84
2010-06-11,LOS ANGELES LAKERS,89,BOSTON CELTICS,96
2010-06-14,LOS ANGELES LAKERS,86,BOSTON CELTICS,92
2010-06-16,BOSTON CELTICS,67,LOS ANGELES LAKERS,89
2010-06-18,BOSTON CELTICS,79,LOS ANGELES LAKERS,83
